DAY,MO,YEAR,VPT_MODE,NAM,SDI,BI,CI,EI,DATE_CI,DATE_EI,ENSO_PHASE,ENSO_TYPE,ENSO_INTENS,MODOKI,ANOM_NINO12,ANOM_NINO34,ANOM_NINO4,T_N34_C,T_N34_K,QBO_U,QBO_DIR,QBO_ANOM,PDO,AMO,IOD,MJO_PHASE,MJO_AMP,SSN,SOLAR_PHASE,PHI_ASTR,VORTEX_ELLIP,GLOBAL_WARMING_SIGNAL
1,1,1940,S,-0.76,1.01,2.1,,,25-12-1940,24-03-1940,ElNino,EP,Weak,No,0.5,0.81,0.37,27.81,300.96,4.42,W,4.42,-0.01,0.54,-0.01,7,1.47,27,Minimum,3.0,0.91,-0.504
1,2,1940,N,-0.49,0.65,1.11,,,25-12-1940,24-03-1940,ElNino,CP,Moderate,No,0.45,1.11,0.6,28.11,301.26,1.82,W,1.82,0.27,0.42,-0.41,1,0.99,27,Minimum,3.0,0.59,-0.504
1,3,1940,N,-0.52,0.69,0.47,,1.0,25-12-1940,24-03-1940,ElNino,CP,Moderate,No,0.3,1.19,0.6,28.19,301.34,1.31,W,1.31,0.63,0.46,-0.04,3,0.71,27,Minimum,3.0,0.62,-0.503
1,4,1940,N,-0.08,0.11,-0.12,,,25-12-1940,24-03-1940,ElNino,CP,Weak,No,0.19,0.59,0.51,27.59,300.74,-1.53,E,-1.53,0.64,0.49,0.25,5,0.87,27,Minimum,3.0,0.1,-0.502
1,5,1940,N,-0.18,0.24,0.05,,,25-12-1940,24-03-1940,ElNino,CP,Strong,No,0.6,1.5,0.76,28.5,301.65,-8.84,E,-8.84,1.23,0.31,0.24,7,1.34,27,Minimum,3.0,0.22,-0.502
1,6,1940,N,0.0,0.0,-2.59,,,25-12-1940,24-03-1940,ElNino,CP,Moderate,No,0.34,1.27,0.67,28.27,301.42,-12.34,E,-12.34,1.01,0.27,-0.35,1,1.68,27,Minimum,3.0,0.0,-0.501
1,7,1940,N,0.0,0.0,-2.77,,,25-12-1940,24-03-1940,ElNino,CP,Moderate,No,0.24,1.24,0.9,28.24,301.39,-6.43,E,-6.43,0.74,0.17,-1.61,3,1.58,27,Minimum,3.0,0.0,-0.501
1,8,1940,N,0.0,0.0,-2.57,,,25-12-1940,24-03-1940,ElNino,CP,Moderate,No,-0.19,1.35,0.97,28.35,301.5,3.09,W,3.09,0.52,0.22,-0.69,5,1.13,27,Minimum,3.0,0.0,-0.5
1,9,1940,S,-3.0,4.0,-1.56,,,25-12-1940,24-03-1940,ElNino,CP,Weak,No,0.39,0.8,0.45,27.8,300.95,6.7,W,6.7,0.11,0.1,-0.27,7,0.74,27,Minimum,3.0,3.6,-0.499
1,10,1940,N,-0.46,0.61,0.22,,,25-12-1940,24-03-1940,Neutral,,,No,0.7,0.31,0.09,27.31,300.46,8.96,W,8.96,-0.18,0.28,0.27,1,0.78,27,Minimum,3.0,0.55,-0.499
1,11,1940,N,-0.15,0.2,-0.48,,,25-12-1940,24-03-1940,ElNino,EP,Weak,No,0.81,0.93,0.14,27.93,301.08,9.71,W,9.71,0.2,0.38,-0.5,3,1.2,27,Minimum,3.0,0.18,-0.498
1,12,1940,N,-0.24,0.32,0.39,0.84,,25-12-1940,24-03-1940,ElNino,CP,Moderate,No,-0.31,1.15,0.59,28.15,301.3,10.85,W,10.85,0.24,0.34,-0.33,5,1.62,27,Minimum,3.0,0.29,-0.497
1,1,1941,N,-0.12,0.16,1.26,,,25-12-1941,13-04-1941,ElNino,CP,Strong,No,0.66,1.6,0.81,28.6,301.75,10.73,W,10.73,0.47,0.32,-1.14,8,1.47,10,Minimum,0.0,0.14,-0.497
1,2,1941,N,-0.21,0.28,1.29,,,25-12-1941,13-04-1941,ElNino,CP,Strong,No,0.48,1.84,1.0,28.84,301.99,10.44,W,10.44,0.71,0.42,-1.26,2,0.99,10,Minimum,0.0,0.25,-0.496
1,3,1941,S,-1.03,1.38,0.67,,,25-12-1941,13-04-1941,ElNino,CP,Strong,No,0.6,1.71,0.61,28.71,301.86,9.08,W,9.08,0.95,0.28,0.68,4,0.71,10,Minimum,0.0,1.24,-0.496
1,4,1941,S,-3.0,4.0,0.46,,0.24,25-12-1941,13-04-1941,ElNino,EP,Strong,No,0.99,1.74,0.68,28.74,301.89,5.82,W,5.82,1.33,0.4,0.15,6,0.87,10,Minimum,0.0,3.6,-0.495
1,5,1941,S,-1.71,2.28,-0.58,,,25-12-1941,13-04-1941,ElNino,CP,Moderate,No,0.33,1.13,0.5,28.13,301.28,-2.3,E,-2.3,1.01,0.2,-0.0,8,1.34,10,Minimum,0.0,2.05,-0.494
1,6,1941,N,0.0,0.0,-2.51,,,25-12-1941,13-04-1941,ElNino,EP,Weak,No,0.57,0.98,0.52,27.98,301.13,-7.42,E,-7.42,0.83,0.0,-0.82,2,1.68,10,Minimum,0.0,0.0,-0.494
1,7,1941,N,0.0,0.0,-2.31,,,25-12-1941,13-04-1941,ElNino,CP,Weak,No,-0.28,0.95,0.58,27.95,301.1,-9.49,E,-9.49,0.57,0.06,-1.3,4,1.58,10,Minimum,0.0,0.0,-0.493
1,8,1941,N,0.0,0.0,-2.65,,,25-12-1941,13-04-1941,ElNino,CP,Weak,No,0.15,0.91,0.63,27.91,301.06,-9.4,E,-9.4,0.26,0.01,-0.45,6,1.13,10,Minimum,0.0,0.0,-0.493
1,9,1941,S,-3.0,4.0,-1.02,,,25-12-1941,13-04-1941,ElNino,EP,Weak,No,0.39,0.74,-0.02,27.74,300.89,-3.77,E,-3.77,0.07,0.27,-0.18,8,0.74,10,Minimum,0.0,3.6,-0.492
1,10,1941,S,-1.99,2.65,-0.35,,,25-12-1941,13-04-1941,ElNino,EP,Weak,No,0.64,0.8,0.38,27.8,300.95,4.3,W,4.3,0.12,0.26,0.49,2,0.78,10,Minimum,0.0,2.38,-0.491
1,11,1941,N,-0.73,0.97,0.83,,,25-12-1941,13-04-1941,ElNino,EP,Moderate,No,1.02,1.25,0.71,28.25,301.4,6.57,W,6.57,0.39,0.39,0.17,4,1.2,10,Minimum,0.0,0.87,-0.491
1,12,1941,N,0.01,-0.01,0.27,0.75,,25-12-1941,13-04-1941,ElNino,EP,Moderate,No,1.12,1.19,0.52,28.19,301.34,8.7,W,8.7,0.26,0.34,0.02,6,1.62,10,Minimum,0.0,0.01,-0.49
1,1,1942,S,-3.0,4.0,1.95,,,25-12-1942,05-04-1942,ElNino,CP,Weak,No,0.32,0.92,0.36,27.92,301.07,7.91,W,7.91,0.06,0.37,-0.71,1,1.47,16,Minimum,0.0,3.6,-0.489
1,2,1942,S,-0.98,1.3,1.82,,,25-12-1942,05-04-1942,ElNino,CP,Weak,Yes,-0.73,0.56,0.49,27.56,300.71,7.4,W,7.4,-0.06,0.39,-0.96,3,0.99,16,Minimum,0.0,1.17,-0.489
1,3,1942,N,0.46,-0.62,0.99,,,25-12-1942,05-04-1942,Neutral,,,No,-1.01,0.12,0.11,27.12,300.27,7.26,W,7.26,-0.01,0.48,-0.3,5,0.71,16,Minimum,0.0,0.56,-0.488
1,4,1942,N,-0.36,0.48,0.37,,0.12,25-12-1942,05-04-1942,Neutral,,,No,-1.76,0.18,0.08,27.18,300.33,4.58,W,4.58,0.39,0.46,-0.19,7,0.87,16,Minimum,0.0,0.43,-0.488
1,5,1942,N,0.38,-0.5,-0.62,,,25-12-1942,05-04-1942,Neutral,,,No,-1.3,-0.19,-0.26,26.81,299.96,-4.39,E,-4.39,0.22,0.4,-0.22,1,1.34,16,Minimum,0.0,0.45,-0.487
1,6,1942,N,0.0,0.0,-2.68,,,25-12-1942,05-04-1942,Neutral,,,No,-2.29,-0.36,-0.28,26.64,299.79,-11.2,E,-11.2,0.03,0.23,-1.53,3,1.68,16,Minimum,0.0,0.0,-0.486
1,7,1942,N,0.0,0.0,-2.81,,,25-12-1942,05-04-1942,LaNina,EP,Weak,No,-2.13,-0.76,-0.22,26.24,299.39,-12.86,E,-12.86,-0.46,0.15,-2.05,5,1.58,16,Minimum,0.0,0.0,-0.486
1,8,1942,N,0.0,0.0,-2.36,,,25-12-1942,05-04-1942,LaNina,EP,Moderate,No,-2.01,-1.43,-0.95,25.57,298.72,-5.97,E,-5.97,-1.15,0.23,-2.08,7,1.13,16,Minimum,0.0,0.0,-0.485
1,9,1942,N,-0.64,0.85,-0.95,,,25-12-1942,05-04-1942,LaNina,CP,Strong,No,-1.09,-1.53,-1.24,25.47,298.62,3.41,W,3.41,-1.29,0.35,-1.37,1,0.74,16,Minimum,0.0,0.77,-0.484
1,10,1942,N,0.35,-0.46,-0.51,,,25-12-1942,05-04-1942,LaNina,CP,Moderate,No,-0.52,-1.47,-1.21,25.53,298.68,7.79,W,7.79,-1.24,0.2,-0.52,3,0.78,16,Minimum,0.0,0.41,-0.484
1,11,1942,N,-0.58,0.77,0.07,,,25-12-1942,05-04-1942,LaNina,EP,Strong,No,-1.22,-1.81,-1.21,25.19,298.34,10.83,W,10.83,-1.44,0.29,0.45,5,1.2,16,Minimum,0.0,0.69,-0.483
1,12,1942,S,-2.23,2.98,0.29,0.92,,25-12-1942,05-04-1942,LaNina,CP,Strong,No,-0.5,-1.6,-1.24,25.4,298.55,11.68,W,11.68,-1.41,0.4,-0.15,7,1.62,16,Minimum,0.0,2.68,-0.483
1,1,1943,S,-3.0,4.0,1.66,,,25-12-1943,25-04-1943,LaNina,CP,Moderate,No,-0.61,-1.48,-1.19,25.52,298.67,10.63,W,10.63,-1.38,0.28,-0.03,2,1.47,42,Descending,-3.0,3.6,-0.482
1,2,1943,N,0.41,-0.54,0.29,,,25-12-1943,25-04-1943,LaNina,CP,Moderate,No,-0.08,-1.23,-0.74,25.77,298.92,10.25,W,10.25,-1.13,0.27,-0.53,4,0.99,42,Descending,-3.0,0.49,-0.481
1,3,1943,S,-2.23,2.98,0.66,,,25-12-1943,25-04-1943,LaNina,CP,Strong,No,-0.57,-1.54,-1.22,25.46,298.61,9.01,W,9.01,-1.0,0.19,0.53,6,0.71,42,Descending,-3.0,2.68,-0.481
1,4,1943,N,-0.42,0.56,-0.81,,-0.84,25-12-1943,25-04-1943,LaNina,CP,Moderate,No,0.04,-1.16,-1.13,25.84,298.99,3.35,W,3.35,-0.41,0.27,1.25,8,0.87,42,Descending,-3.0,0.5,-0.48
1,5,1943,N,0.71,-0.95,-1.05,,,25-12-1943,25-04-1943,LaNina,CP,Weak,No,-0.2,-0.58,-0.89,26.42,299.57,-6.5,E,-6.5,-0.01,0.14,-0.21,2,1.34,42,Descending,-3.0,0.85,-0.48
1,6,1943,N,0.0,0.0,-2.53,,,25-12-1943,25-04-1943,Neutral,,,No,0.67,-0.08,-0.47,26.92,300.07,-9.19,E,-9.19,0.2,-0.06,-0.76,4,1.68,42,Descending,-3.0,0.0,-0.479
1,7,1943,N,0.0,0.0,-2.63,,,25-12-1943,25-04-1943,Neutral,,,No,0.61,-0.16,-0.8,26.84,299.99,-9.7,E,-9.7,-0.1,-0.07,-1.53,6,1.58,42,Descending,-3.0,0.0,-0.478
1,8,1943,N,0.0,0.0,-2.7,,,25-12-1943,25-04-1943,Neutral,,,No,0.06,-0.23,-0.47,26.77,299.92,-3.32,E,-3.32,-0.43,0.07,-1.27,8,1.13,42,Descending,-3.0,0.0,-0.478
1,9,1943,N,-0.58,0.77,-0.82,,,25-12-1943,25-04-1943,Neutral,,,No,0.05,-0.31,-0.69,26.69,299.84,3.72,W,3.72,-0.56,0.12,-0.76,2,0.74,42,Descending,-3.0,0.69,-0.477
1,10,1943,N,-0.7,0.93,-0.03,,,25-12-1943,25-04-1943,LaNina,CP,Weak,No,0.06,-0.97,-0.69,26.03,299.18,7.24,W,7.24,-0.94,0.25,-0.76,4,0.78,42,Descending,-3.0,0.84,-0.476
1,11,1943,N,0.71,-0.95,0.16,,,25-12-1943,25-04-1943,LaNina,CP,Moderate,No,-0.21,-1.05,-0.95,25.95,299.1,8.97,W,8.97,-0.99,0.27,0.64,6,1.2,42,Descending,-3.0,0.85,-0.476
1,12,1943,N,0.01,-0.01,0.11,0.58,,25-12-1943,25-04-1943,LaNina,CP,Weak,No,-0.09,-0.97,-0.66,26.03,299.18,9.85,W,9.85,-1.03,0.25,-0.64,8,1.62,42,Descending,-3.0,0.01,-0.475
1,1,1944,D,1.51,-2.01,0.13,,,25-12-1944,09-04-1944,LaNina,CP,Weak,No,-0.31,-0.86,-0.48,26.14,299.29,-10.29,E,-10.29,-1.01,0.45,-0.55,3,1.47,80,Ascending,0.0,1.81,-0.475
1,2,1944,N,-0.49,0.65,1.04,,,25-12-1944,09-04-1944,LaNina,CP,Weak,No,0.02,-0.54,-0.63,26.46,299.61,-9.83,E,-9.83,-0.72,0.52,-0.98,5,0.99,80,Ascending,0.0,0.59,-0.474
1,3,1944,N,-0.15,0.2,0.5,,,25-12-1944,09-04-1944,Neutral,,,No,-0.03,0.09,-0.08,27.09,300.24,-11.48,E,-11.48,-0.03,0.51,0.37,7,0.71,80,Ascending,0.0,0.18,-0.473
1,4,1944,N,0.1,-0.13,0.11,,0.03,25-12-1944,09-04-1944,Neutral,,,No,0.69,0.05,-0.2,27.05,300.2,-7.65,E,-7.65,0.32,0.49,0.41,1,0.87,80,Ascending,0.0,0.12,-0.473
1,5,1944,S,-1.9,2.53,-0.73,,,25-12-1944,09-04-1944,Neutral,,,No,-0.27,0.02,-0.06,27.02,300.17,-0.61,E,-0.61,0.35,0.4,0.55,3,1.34,80,Ascending,0.0,2.28,-0.472
1,6,1944,N,0.0,0.0,-2.37,,,25-12-1944,09-04-1944,Neutral,,,No,-0.23,-0.1,-0.36,26.9,300.05,2.93,W,2.93,0.18,0.19,-0.83,5,1.68,80,Ascending,0.0,0.0,-0.472
1,7,1944,N,0.0,0.0,-2.61,,,25-12-1944,09-04-1944,Neutral,,,No,0.23,-0.16,-0.32,26.84,299.99,3.25,W,3.25,-0.1,0.09,-1.83,7,1.58,80,Ascending,0.0,0.0,-0.471
1,8,1944,N,0.0,0.0,-2.49,,,25-12-1944,09-04-1944,Neutral,,,No,0.65,-0.17,-0.33,26.83,299.98,6.92,W,6.92,-0.39,0.12,-0.59,1,1.13,80,Ascending,0.0,0.0,-0.47
1,9,1944,N,-0.02,0.03,-0.79,,,25-12-1944,09-04-1944,Neutral,,,No,0.66,-0.45,-0.42,26.55,299.7,6.98,W,6.98,-0.64,0.34,-0.8,3,0.74,80,Ascending,0.0,0.03,-0.47
1,10,1944,S,-2.81,3.75,-0.1,,,25-12-1944,09-04-1944,LaNina,CP,Weak,No,0.13,-0.68,-0.41,26.32,299.47,7.31,W,7.31,-0.77,0.39,-0.18,5,0.78,80,Ascending,0.0,3.38,-0.469
1,11,1944,N,0.49,-0.66,0.46,,,25-12-1944,09-04-1944,LaNina,CP,Weak,No,-0.09,-0.68,-0.42,26.32,299.47,5.01,W,5.01,-0.76,0.36,0.05,7,1.2,80,Ascending,0.0,0.59,-0.468
1,12,1944,N,0.35,-0.46,1.17,1.45,,25-12-1944,09-04-1944,LaNina,EP,Weak,No,-0.38,-0.63,-0.37,26.37,299.52,-0.58,E,-0.58,-0.83,0.33,-0.26,1,1.62,80,Ascending,0.0,0.41,-0.468
1,1,1945,D,1.2,-1.6,1.62,,,25-12-1945,01-04-1945,LaNina,EP,Weak,No,-0.98,-0.59,-0.35,26.41,299.56,-3.63,E,-3.63,-0.85,0.39,-1.08,4,1.47,117,Ascending,0.0,1.44,-0.467
1,2,1945,N,0.74,-0.99,1.37,,,25-12-1945,01-04-1945,LaNina,EP,Weak,No,-0.77,-0.6,-0.66,26.4,299.55,-4.66,E,-4.66,-0.75,0.47,-1.15,6,0.99,117,Ascending,0.0,0.89,-0.467
1,3,1945,N,0.65,-0.87,0.28,,,25-12-1945,01-04-1945,LaNina,CP,Weak,No,0.41,-0.83,-0.94,26.17,299.32,-4.3,E,-4.3,-0.58,0.47,-0.13,8,0.71,117,Ascending,0.0,0.78,-0.466
1,4,1945,S,-1.43,1.91,-0.2,,0.1,25-12-1945,01-04-1945,LaNina,CP,Weak,No,0.39,-0.8,-0.76,26.2,299.35,-4.94,E,-4.94,-0.19,0.58,-0.0,2,0.87,117,Ascending,0.0,1.72,-0.465
1,5,1945,N,0.32,-0.42,-0.64,,,25-12-1945,01-04-1945,LaNina,CP,Weak,No,0.67,-0.68,-0.7,26.32,299.47,-10.32,E,-10.32,-0.07,0.52,-0.04,4,1.34,117,Ascending,0.0,0.38,-0.465
1,6,1945,N,0.0,0.0,-2.66,,,25-12-1945,01-04-1945,ElNino,EP,Weak,No,2.16,0.7,0.09,27.7,300.85,-11.4,E,-11.4,0.66,0.2,0.02,6,1.68,117,Ascending,0.0,0.0,-0.464
1,7,1945,N,0.0,0.0,-2.58,,,25-12-1945,01-04-1945,Neutral,,,No,0.45,-0.01,-0.43,26.99,300.14,-10.08,E,-10.08,-0.01,0.03,-1.24,8,1.58,117,Ascending,0.0,0.0,-0.464
1,8,1945,N,0.0,0.0,-2.54,,,25-12-1945,01-04-1945,LaNina,CP,Weak,No,1.02,-0.59,-0.65,26.41,299.56,-7.47,E,-7.47,-0.64,0.22,-0.73,2,1.13,117,Ascending,0.0,0.0,-0.463
1,9,1945,S,-2.29,3.06,-1.11,,,25-12-1945,01-04-1945,LaNina,CP,Weak,No,1.0,-0.58,-0.55,26.42,299.57,-2.81,E,-2.81,-0.72,0.13,-0.52,4,0.74,117,Ascending,0.0,2.75,-0.462
1,10,1945,D,0.77,-1.03,-0.68,,,25-12-1945,01-04-1945,Neutral,,,No,1.1,-0.25,-0.61,26.75,299.9,1.49,W,1.49,-0.51,0.35,-0.56,6,0.78,117,Ascending,0.0,0.93,-0.462
1,11,1945,S,-0.79,1.05,0.5,,,25-12-1945,01-04-1945,LaNina,CP,Weak,No,1.13,-0.52,-0.64,26.48,299.63,3.14,W,3.14,-0.67,0.34,-0.45,8,1.2,117,Ascending,0.0,0.95,-0.461
1,12,1945,N,0.43,-0.58,0.85,1.16,,25-12-1945,01-04-1945,Neutral,,,No,0.28,-0.49,-0.62,26.51,299.66,4.65,W,4.65,-0.75,0.4,-0.79,2,1.62,117,Ascending,0.0,0.52,-0.46
1,1,1946,D,1.2,-1.6,0.81,,,25-12-1946,21-04-1946,LaNina,CP,Moderate,No,-0.38,-1.05,-0.96,25.95,299.1,5.42,W,5.42,-1.12,0.48,-0.08,5,1.47,143,Peak,-3.0,1.44,-0.46
1,2,1946,N,0.59,-0.79,0.26,,,25-12-1946,21-04-1946,Neutral,,,No,0.17,-0.33,-0.61,26.67,299.82,6.32,W,6.32,-0.59,0.5,-0.58,7,0.99,143,Peak,-3.0,0.71,-0.459
1,3,1946,S,-0.85,1.14,0.95,,,25-12-1946,21-04-1946,LaNina,EP,Moderate,No,-1.85,-1.29,-0.73,25.71,298.86,6.99,W,6.99,-0.85,0.36,-0.22,1,0.71,143,Peak,-3.0,1.03,-0.459
1,4,1946,S,-0.92,1.22,-0.23,,-0.6,25-12-1946,21-04-1946,LaNina,CP,Weak,No,0.06,-0.98,-0.69,26.02,299.17,7.21,W,7.21,-0.3,0.36,0.25,3,0.87,143,Peak,-3.0,1.1,-0.458
1,5,1946,N,0.16,-0.21,-0.37,,,25-12-1946,21-04-1946,Neutral,,,No,-0.51,-0.36,0.04,26.64,299.79,-0.5,E,-0.5,0.12,0.21,0.09,5,1.34,143,Peak,-3.0,0.19,-0.457
1,6,1946,N,0.0,0.0,-2.4,,,25-12-1946,21-04-1946,Neutral,,,No,-1.27,-0.03,0.3,26.97,300.12,-9.44,E,-9.44,0.23,-0.03,-1.23,7,1.68,143,Peak,-3.0,0.0,-0.457
1,7,1946,N,0.0,0.0,-2.7,,,25-12-1946,21-04-1946,Neutral,,,No,-0.44,0.12,0.36,27.12,300.27,-13.1,E,-13.1,0.07,-0.19,-0.92,1,1.58,143,Peak,-3.0,0.0,-0.456
1,8,1946,N,0.0,0.0,-2.48,,,25-12-1946,21-04-1946,Neutral,,,No,-0.44,-0.4,0.06,26.6,299.75,-14.32,E,-14.32,-0.53,-0.05,-0.44,3,1.13,143,Peak,-3.0,0.0,-0.456
1,9,1946,N,-0.36,0.48,-0.98,,,25-12-1946,21-04-1946,Neutral,,,No,-0.31,-0.46,-0.11,26.54,299.69,-8.25,E,-8.25,-0.65,0.05,-0.62,5,0.74,143,Peak,-3.0,0.43,-0.455
1,10,1946,N,0.62,-0.83,-0.04,,,25-12-1946,21-04-1946,Neutral,,,No,-0.22,0.18,0.67,27.18,300.33,1.04,W,1.04,-0.25,0.21,0.27,7,0.78,143,Peak,-3.0,0.75,-0.454
1,11,1946,N,-0.02,0.03,0.22,,,25-12-1946,21-04-1946,Neutral,,,No,-0.03,0.16,0.49,27.16,300.31,5.71,W,5.71,-0.26,0.15,0.15,1,1.2,143,Peak,-3.0,0.03,-0.454
1,12,1946,N,-0.02,0.03,1.4,1.67,,25-12-1946,21-04-1946,Neutral,,,No,-0.54,0.39,0.04,27.39,300.54,9.45,W,9.45,-0.22,0.18,-0.36,3,1.62,143,Peak,-3.0,0.03,-0.453
1,1,1947,N,-0.49,0.65,1.72,,,25-12-1947,06-04-1947,ElNino,EP,Weak,No,0.36,0.61,0.07,27.61,300.76,10.05,W,10.05,-0.13,0.27,-0.39,6,1.47,149,Peak,0.0,0.59,-0.452
1,2,1947,N,-0.05,0.07,1.88,,,25-12-1947,06-04-1947,Neutral,,,No,-0.93,0.3,0.21,27.3,300.45,10.75,W,10.75,-0.21,0.25,-0.18,8,0.99,149,Peak,0.0,0.06,-0.452
1,3,1947,S,-1.4,1.87,0.43,,,25-12-1947,06-04-1947,Neutral,,,No,-0.53,0.04,0.04,27.04,300.19,10.15,W,10.15,-0.06,0.14,1.03,2,0.71,149,Peak,0.0,1.68,-0.451
1,4,1947,N,-0.02,0.03,-0.65,,-0.15,25-12-1947,06-04-1947,LaNina,CP,Weak,No,-0.37,-0.55,-0.51,26.45,299.6,3.58,W,3.58,-0.04,0.22,0.16,4,0.87,149,Peak,0.0,0.03,-0.451
1,5,1947,N,-0.08,0.11,-0.34,,,25-12-1947,06-04-1947,LaNina,EP,Weak,No,-0.91,-0.72,-0.31,26.28,299.43,-7.83,E,-7.83,-0.1,0.04,0.63,6,1.34,149,Peak,0.0,0.1,-0.45
1,6,1947,N,0.0,0.0,-2.36,,,25-12-1947,06-04-1947,LaNina,EP,Weak,No,-0.82,-0.69,-0.47,26.31,299.46,-11.53,E,-11.53,-0.17,-0.15,-0.42,8,1.68,149,Peak,0.0,0.0,-0.449
1,7,1947,N,0.0,0.0,-2.61,,,25-12-1947,06-04-1947,Neutral,,,No,-0.2,-0.26,-0.25,26.74,299.89,-13.75,E,-13.75,-0.16,-0.1,-1.24,2,1.58,149,Peak,0.0,0.0,-0.449
1,8,1947,N,0.0,0.0,-2.44,,,25-12-1947,06-04-1947,Neutral,,,No,-0.73,0.12,-0.03,27.12,300.27,-15.31,E,-15.31,-0.22,0.02,-1.24,4,1.13,149,Peak,0.0,0.0,-0.448
1,9,1947,S,-2.42,3.22,-1.09,,,25-12-1947,06-04-1947,Neutral,,,No,-0.47,-0.11,-0.6,26.89,300.04,-13.73,E,-13.73,-0.44,-0.04,-1.18,6,0.74,149,Peak,0.0,2.9,-0.448
1,10,1947,D,1.02,-1.36,-0.61,,,25-12-1947,06-04-1947,Neutral,,,No,-0.31,-0.26,-0.62,26.74,299.89,-3.6,E,-3.6,-0.52,0.09,-0.55,8,0.78,149,Peak,0.0,1.22,-0.447
1,11,1947,N,0.52,-0.7,-0.3,,,25-12-1947,06-04-1947,Neutral,,,No,-0.15,-0.49,-0.59,26.51,299.66,4.75,W,4.75,-0.65,0.26,-0.77,2,1.2,149,Peak,0.0,0.63,-0.446
1,12,1947,N,0.46,-0.62,0.31,0.68,,25-12-1947,06-04-1947,Neutral,,,No,-0.2,0.25,-0.28,27.25,300.4,7.17,W,7.17,-0.3,0.26,-0.26,4,1.62,149,Peak,0.0,0.56,-0.446
1,1,1948,N,-0.3,0.4,0.78,,,25-12-1948,28-03-1948,Neutral,,,No,-0.11,-0.17,-0.17,26.83,299.98,8.54,W,8.54,-0.6,0.31,-0.66,7,1.47,132,Peak,3.0,0.36,-0.445
1,2,1948,S,-3.0,4.0,1.09,,,25-12-1948,28-03-1948,Neutral,,,No,0.05,0.34,-0.16,27.34,300.49,8.54,W,8.54,-0.19,0.23,0.21,1,0.99,132,Peak,3.0,3.6,-0.444
1,3,1948,N,-0.24,0.32,0.26,,1.12,25-12-1948,28-03-1948,Neutral,,,No,-0.05,0.28,-0.27,27.28,300.43,7.97,W,7.97,0.09,0.21,0.29,3,0.71,132,Peak,3.0,0.29,-0.444
1,4,1948,N,-0.12,0.16,0.1,,,25-12-1948,28-03-1948,ElNino,CP,Weak,No,-0.12,0.61,0.24,27.61,300.76,7.29,W,7.29,0.65,0.22,0.61,5,0.87,132,Peak,3.0,0.14,-0.443
1,5,1948,S,-1.84,2.45,-0.67,,,25-12-1948,28-03-1948,Neutral,,,No,-0.72,0.19,0.18,27.19,300.34,3.19,W,3.19,0.45,0.11,0.09,7,1.34,132,Peak,3.0,2.21,-0.443
1,6,1948,N,0.0,0.0,-2.59,,,25-12-1948,28-03-1948,Neutral,,,No,-0.87,-0.04,0.06,26.96,300.11,-4.72,E,-4.72,0.22,0.09,-0.56,1,1.68,132,Peak,3.0,0.0,-0.442
1,7,1948,N,0.0,0.0,-2.81,,,25-12-1948,28-03-1948,Neutral,,,No,-0.93,-0.19,-0.45,26.81,299.96,-8.77,E,-8.77,-0.12,-0.07,-1.38,3,1.58,132,Peak,3.0,0.0,-0.441
1,8,1948,N,0.0,0.0,-2.7,,,25-12-1948,28-03-1948,Neutral,,,No,-0.61,-0.16,-0.51,26.84,299.99,-8.54,E,-8.54,-0.39,0.06,-1.08,5,1.13,132,Peak,3.0,0.0,-0.441
1,9,1948,D,1.08,-1.44,-1.19,,,25-12-1948,28-03-1948,Neutral,,,No,-0.18,-0.25,-0.41,26.75,299.9,-11.01,E,-11.01,-0.52,-0.06,-0.89,7,0.74,132,Peak,3.0,1.3,-0.44
1,10,1948,D,1.54,-2.05,-0.83,,,25-12-1948,28-03-1948,LaNina,CP,Moderate,No,-0.39,-1.02,-0.88,25.98,299.13,-13.02,E,-13.02,-0.97,0.21,-0.05,1,0.78,132,Peak,3.0,1.84,-0.439
1,11,1948,D,1.3,-1.73,-0.29,,,25-12-1948,28-03-1948,LaNina,CP,Weak,No,0.13,-0.67,-0.56,26.33,299.48,-12.11,E,-12.11,-0.76,0.35,-0.48,3,1.2,132,Peak,3.0,1.56,-0.439
1,12,1948,N,0.32,-0.42,0.26,0.72,,25-12-1948,28-03-1948,Neutral,,,No,-0.41,0.33,0.14,27.33,300.48,-6.45,E,-6.45,-0.25,0.29,-0.61,5,1.62,132,Peak,3.0,0.38,-0.438
1,1,1949,N,0.49,-0.66,0.12,,,25-12-1949,17-04-1949,Neutral,,,No,-0.89,-0.02,0.41,26.98,300.13,-6.92,E,-6.92,-0.51,0.39,-0.6,8,1.47,99,Descending,-3.0,0.59,-0.438
1,2,1949,S,-3.0,4.0,0.37,,,25-12-1949,17-04-1949,ElNino,CP,Weak,No,0.08,0.89,0.26,27.89,301.04,0.66,W,0.66,0.14,0.34,-0.25,2,0.99,99,Descending,-3.0,3.6,-0.437
1,3,1949,N,0.38,-0.5,1.21,,,25-12-1949,17-04-1949,Neutral,,,No,0.15,0.07,-0.05,27.07,300.22,3.04,W,3.04,-0.04,0.22,0.03,4,0.71,99,Descending,-3.0,0.45,-0.436
1,4,1949,N,-0.21,0.28,-0.39,,-0.68,25-12-1949,17-04-1949,Neutral,,,No,0.53,-0.05,-0.46,26.95,300.1,5.27,W,5.27,0.26,0.26,0.67,6,0.87,99,Descending,-3.0,0.25,-0.436
1,5,1949,S,-2.42,3.22,-0.61,,,25-12-1949,17-04-1949,Neutral,,,No,-0.03,0.26,-0.19,27.26,300.41,6.88,W,6.88,0.49,0.14,-0.0,8,1.34,99,Descending,-3.0,2.9,-0.435
1,6,1949,N,0.0,0.0,-2.58,,,25-12-1949,17-04-1949,Neutral,,,No,-0.15,-0.15,-0.38,26.85,300.0,4.82,W,4.82,0.15,-0.01,-0.53,2,1.68,99,Descending,-3.0,0.0,-0.435
1,7,1949,N,0.0,0.0,-2.62,,,25-12-1949,17-04-1949,Neutral,,,No,-1.01,-0.17,-0.32,26.83,299.98,-0.06,E,-0.06,-0.1,0.07,-1.01,4,1.58,99,Descending,-3.0,0.0,-0.434
1,8,1949,N,0.0,0.0,-2.62,,,25-12-1949,17-04-1949,Neutral,,,No,-1.05,-0.26,-0.35,26.74,299.89,-5.01,E,-5.01,-0.45,0.04,-0.82,6,1.13,99,Descending,-3.0,0.0,-0.433
1,9,1949,N,0.13,-0.17,-0.56,,,25-12-1949,17-04-1949,LaNina,CP,Weak,No,-0.67,-0.91,-0.97,26.09,299.24,-11.0,E,-11.0,-0.92,0.1,-0.22,8,0.74,99,Descending,-3.0,0.15,-0.433
1,10,1949,D,0.93,-1.24,-0.69,,,25-12-1949,17-04-1949,LaNina,EP,Weak,No,-1.22,-0.63,-0.65,26.37,299.52,-13.82,E,-13.82,-0.74,0.18,-0.3,2,0.78,99,Descending,-3.0,1.12,-0.432
1,11,1949,D,0.96,-1.28,0.68,,,25-12-1949,17-04-1949,LaNina,CP,Weak,No,-1.01,-0.97,-1.1,26.03,299.18,-15.18,E,-15.18,-0.94,0.15,-0.94,4,1.2,99,Descending,-3.0,1.15,-0.431
1,12,1949,N,0.59,-0.79,0.16,0.57,,25-12-1949,17-04-1949,LaNina,CP,Moderate,No,-0.86,-1.04,-0.96,25.96,299.11,-12.99,E,-12.99,-1.08,0.21,-0.51,6,1.62,99,Descending,-3.0,0.71,-0.431
1,1,1950,S,-2.85,3.8,1.56,,,25-12-1950,09-04-1950,LaNina,EP,Weak,No,-1.35,-0.87,-0.65,26.13,299.28,-11.11,E,-11.11,-1.02,0.25,-0.73,1,1.47,60,Descending,0.0,3.42,-0.43
1,2,1950,D,1.02,-1.36,0.57,,,25-12-1950,09-04-1950,LaNina,EP,Moderate,No,-1.32,-1.0,-0.61,26.0,299.15,-7.92,E,-7.92,-0.99,0.16,-0.59,3,0.99,60,Descending,0.0,1.22,-0.43
1,3,1950,D,0.96,-1.28,0.44,,,25-12-1950,09-04-1950,LaNina,EP,Weak,No,-1.4,-0.85,-0.68,26.15,299.3,-6.52,E,-6.52,-0.59,0.03,-0.72,5,0.71,60,Descending,0.0,1.15,-0.429
1,4,1950,N,0.55,-0.74,-0.29,,-0.34,25-12-1950,09-04-1950,LaNina,EP,Weak,No,-1.35,-0.96,-0.55,26.04,299.19,-3.52,E,-3.52,-0.29,0.18,-0.31,7,0.87,60,Descending,0.0,0.67,-0.428
1,5,1950,N,0.59,-0.79,-0.66,,,25-12-1950,09-04-1950,LaNina,EP,Weak,No,-1.33,-0.65,-0.75,26.35,299.5,-0.49,E,-0.49,-0.06,0.04,-0.01,1,1.34,60,Descending,0.0,0.71,-0.428
1,6,1950,N,0.0,0.0,-2.85,,,25-12-1950,09-04-1950,LaNina,EP,Weak,No,-0.75,-0.59,-0.66,26.41,299.56,-3.89,E,-3.89,-0.11,-0.06,-1.22,3,1.68,60,Descending,0.0,0.0,-0.427
1,7,1950,N,0.0,0.0,-2.8,,,25-12-1950,09-04-1950,LaNina,EP,Weak,No,-1.25,-0.77,-0.96,26.23,299.38,-3.02,E,-3.02,-0.46,-0.12,-1.3,5,1.58,60,Descending,0.0,0.0,-0.427
1,8,1950,N,0.0,0.0,-2.63,,,25-12-1950,09-04-1950,LaNina,CP,Weak,No,0.35,-0.7,-1.04,26.3,299.45,-0.04,E,-0.04,-0.71,-0.06,-1.21,7,1.13,60,Descending,0.0,0.0,-0.426
1,9,1950,S,-1.59,2.12,-1.54,,,25-12-1950,09-04-1950,LaNina,CP,Moderate,No,-0.75,-1.17,-0.9,25.83,298.98,4.85,W,4.85,-1.08,-0.06,-0.98,1,0.74,60,Descending,0.0,1.91,-0.425
1,10,1950,N,-0.73,0.97,-0.25,,,25-12-1950,09-04-1950,LaNina,EP,Weak,No,-1.02,-0.9,-0.8,26.1,299.25,7.25,W,7.25,-0.9,-0.0,-0.8,3,0.78,60,Descending,0.0,0.87,-0.425
1,11,1950,N,0.59,-0.79,0.24,,,25-12-1950,09-04-1950,LaNina,EP,Weak,No,-1.05,-0.99,-0.91,26.01,299.16,7.47,W,7.47,-0.95,0.13,-0.53,5,1.2,60,Descending,0.0,0.71,-0.424
1,12,1950,N,0.62,-0.83,0.5,0.82,,25-12-1950,09-04-1950,LaNina,EP,Weak,No,-1.06,-0.58,-0.63,26.42,299.57,7.52,W,7.52,-0.8,0.25,-0.32,7,1.62,60,Descending,0.0,0.75,-0.423
1,1,1951,D,1.14,-1.52,1.26,,,25-12-1951,25-03-1951,LaNina,CP,Weak,No,0.47,-0.88,-0.99,26.12,299.27,3.98,W,3.98,-1.02,0.28,-0.24,2,1.47,27,Minimum,3.0,1.37,-0.423
1,2,1951,S,-3.0,4.0,1.99,,,25-12-1951,25-03-1951,Neutral,,,No,-0.55,-0.38,-0.8,26.62,299.77,2.83,W,2.83,-0.62,0.22,0.32,4,0.99,27,Minimum,3.0,3.6,-0.422
1,3,1951,S,-3.0,4.0,0.5,,0.79,25-12-1951,25-03-1951,LaNina,CP,Weak,No,-0.6,-0.5,-0.85,26.5,299.65,3.59,W,3.59,-0.38,0.12,0.41,6,0.71,27,Minimum,3.0,3.6,-0.422
1,4,1951,S,-2.35,3.14,-0.55,,,25-12-1951,25-03-1951,Neutral,,,No,-0.97,-0.01,-0.43,26.99,300.14,5.48,W,5.48,0.28,0.37,0.36,8,0.87,27,Minimum,3.0,2.83,-0.421
1,5,1951,S,-1.01,1.34,-0.63,,,25-12-1951,25-03-1951,ElNino,EP,Weak,No,0.23,0.63,0.05,27.63,300.78,8.56,W,8.56,0.71,0.32,-0.06,2,1.34,27,Minimum,3.0,1.21,-0.42
1,6,1951,N,0.0,0.0,-2.42,,,25-12-1951,25-03-1951,Neutral,,,No,0.94,0.38,-0.19,27.38,300.53,5.62,W,5.62,0.47,0.21,-0.43,4,1.68,27,Minimum,3.0,0.0,-0.42
1,7,1951,N,0.0,0.0,-2.79,,,25-12-1951,25-03-1951,ElNino,EP,Moderate,No,1.7,1.38,0.31,28.38,301.53,1.48,W,1.48,0.83,0.26,-1.08,6,1.58,27,Minimum,3.0,0.0,-0.419
1,8,1951,N,0.0,0.0,-2.28,,,25-12-1951,25-03-1951,ElNino,EP,Weak,No,1.24,0.92,0.45,27.92,301.07,-0.59,E,-0.59,0.26,0.21,-0.79,8,1.13,27,Minimum,3.0,0.0,-0.419
1,9,1951,S,-3.0,4.0,-1.27,,,25-12-1951,25-03-1951,Neutral,,,No,0.9,0.47,-0.01,27.47,300.62,-3.06,E,-3.06,-0.09,0.2,0.66,2,0.74,27,Minimum,3.0,3.6,-0.418
1,10,1951,S,-1.74,2.32,0.11,,,25-12-1951,25-03-1951,ElNino,EP,Weak,No,1.06,0.97,0.28,27.97,301.12,-5.21,E,-5.21,0.22,0.19,0.26,4,0.78,27,Minimum,3.0,2.09,-0.417
1,11,1951,N,0.49,-0.66,0.14,,,25-12-1951,25-03-1951,ElNino,EP,Moderate,No,1.14,1.16,0.51,28.16,301.31,-8.85,E,-8.85,0.34,0.2,0.33,6,1.2,27,Minimum,3.0,0.59,-0.417
1,12,1951,S,-1.53,2.04,-0.66,0.04,,25-12-1951,25-03-1951,ElNino,CP,Moderate,No,0.31,1.37,0.61,28.37,301.52,-10.08,E,-10.08,0.37,0.23,-0.05,8,1.62,27,Minimum,3.0,1.84,-0.416
1,1,1952,N,0.1,-0.13,0.47,,,25-12-1952,13-04-1952,ElNino,EP,Moderate,No,0.28,1.04,0.27,28.04,301.19,-11.7,E,-11.7,0.13,0.16,-0.53,3,1.47,10,Minimum,0.0,0.12,-0.415
1,2,1952,N,0.52,-0.7,0.86,,,25-12-1952,13-04-1952,ElNino,CP,Weak,No,-0.61,0.97,0.21,27.97,301.12,-13.08,E,-13.08,0.19,0.24,-0.66,5,0.99,10,Minimum,0.0,0.63,-0.415
1,3,1952,N,0.16,-0.21,0.84,,,25-12-1952,13-04-1952,Neutral,,,No,-0.78,0.38,-0.09,27.38,300.53,-14.31,E,-14.31,0.15,0.3,0.08,7,0.71,10,Minimum,0.0,0.19,-0.414
1,4,1952,S,-1.96,2.61,0.07,,0.11,25-12-1952,13-04-1952,ElNino,CP,Weak,Yes,-1.09,0.64,0.18,27.64,300.79,-15.47,E,-15.47,0.67,0.31,0.55,1,0.87,10,Minimum,0.0,2.35,-0.414
1,5,1952,N,-0.24,0.32,-0.78,,,25-12-1952,13-04-1952,Neutral,,,No,-0.01,0.11,-0.3,27.11,300.26,-15.44,E,-15.44,0.4,0.3,0.46,3,1.34,10,Minimum,0.0,0.29,-0.413
1,6,1952,N,0.0,0.0,-2.7,,,25-12-1952,13-04-1952,Neutral,,,No,-0.44,-0.39,-0.49,26.61,299.76,-12.79,E,-12.79,0.01,0.34,-0.76,5,1.68,10,Minimum,0.0,0.0,-0.412
1,7,1952,N,0.0,0.0,-2.67,,,25-12-1952,13-04-1952,Neutral,,,No,-1.17,-0.38,-0.44,26.62,299.77,-13.59,E,-13.59,-0.23,0.24,-1.51,7,1.58,10,Minimum,0.0,0.0,-0.412
1,8,1952,N,0.0,0.0,-2.84,,,25-12-1952,13-04-1952,Neutral,,,No,-0.6,-0.28,-0.6,26.72,299.87,-12.48,E,-12.48,-0.46,0.34,-1.55,1,1.13,10,Minimum,0.0,0.0,-0.411
1,9,1952,S,-2.17,2.9,-1.56,,,25-12-1952,13-04-1952,Neutral,,,No,-0.42,-0.45,-0.42,26.55,299.7,-10.72,E,-10.72,-0.64,0.31,-0.4,3,0.74,10,Minimum,0.0,2.61,-0.411
1,10,1952,S,-1.09,1.46,-0.28,,,25-12-1952,13-04-1952,Neutral,,,No,-0.55,-0.28,-0.31,26.72,299.87,-7.53,E,-7.53,-0.53,0.25,-0.52,5,0.78,10,Minimum,0.0,1.31,-0.41
1,11,1952,D,0.96,-1.28,0.57,,,25-12-1952,13-04-1952,Neutral,,,No,-0.98,-0.2,-0.47,26.8,299.95,-4.53,E,-4.53,-0.48,0.3,-0.53,7,1.2,10,Minimum,0.0,1.15,-0.409
1,12,1952,N,0.04,-0.05,0.5,0.89,,25-12-1952,13-04-1952,Neutral,,,No,-0.52,0.31,-0.05,27.31,300.46,0.12,W,0.12,-0.27,0.38,-0.5,1,1.62,10,Minimum,0.0,0.05,-0.409
1,1,1953,N,0.29,-0.38,0.81,,,25-12-1953,05-04-1953,ElNino,EP,Weak,No,0.54,0.63,0.18,27.63,300.78,2.46,W,2.46,-0.12,0.42,-0.63,4,1.47,16,Minimum,0.0,0.34,-0.408
1,2,1953,N,0.55,-0.74,1.35,,,25-12-1953,05-04-1953,ElNino,EP,Weak,No,0.72,0.56,0.23,27.56,300.71,2.62,W,2.62,-0.06,0.36,-0.09,6,0.99,16,Minimum,0.0,0.67,-0.407
1,3,1953,N,0.16,-0.21,-0.02,,,25-12-1953,05-04-1953,Neutral,,,No,1.09,0.47,0.0,27.47,300.62,7.19,W,7.19,0.2,0.37,0.26,8,0.71,16,Minimum,0.0,0.19,-0.407
1,4,1953,N,-0.27,0.36,-0.1,,-0.27,25-12-1953,05-04-1953,Neutral,,,No,1.56,0.44,-0.02,27.44,300.59,12.29,W,12.29,0.55,0.34,0.12,2,0.87,16,Minimum,0.0,0.32,-0.406
1,5,1953,S,-0.83,1.1,-0.88,,,25-12-1953,05-04-1953,ElNino,EP,Weak,No,1.26,0.89,-0.15,27.89,301.04,17.27,W,17.27,0.87,0.42,0.56,4,1.34,16,Minimum,0.0,0.99,-0.406
1,6,1953,N,0.0,0.0,-2.29,,,25-12-1953,05-04-1953,Neutral,,,No,-0.14,0.47,-0.12,27.47,300.62,14.33,W,14.33,0.53,0.16,-0.6,6,1.68,16,Minimum,0.0,0.0,-0.405
1,7,1953,N,0.0,0.0,-2.76,,,25-12-1953,05-04-1953,ElNino,CP,Weak,No,-0.37,0.6,0.25,27.6,300.75,8.26,W,8.26,0.36,0.19,-1.12,8,1.58,16,Minimum,0.0,0.0,-0.404
1,8,1953,N,0.0,0.0,-2.56,,,25-12-1953,05-04-1953,ElNino,CP,Weak,No,0.1,0.58,0.17,27.58,300.73,4.13,W,4.13,0.06,0.09,-0.57,2,1.13,16,Minimum,0.0,0.0,-0.404
1,9,1953,S,-2.72,3.63,-1.32,,,25-12-1953,05-04-1953,ElNino,EP,Weak,No,0.94,0.91,0.19,27.91,301.06,2.22,W,2.22,0.17,0.18,-0.35,4,0.74,16,Minimum,0.0,3.27,-0.403
1,10,1953,N,-0.58,0.77,-0.16,,,25-12-1953,05-04-1953,Neutral,,,No,0.52,0.42,-0.08,27.42,300.57,1.3,W,1.3,-0.11,0.16,0.02,6,0.78,16,Minimum,0.0,0.69,-0.403
1,11,1953,N,0.65,-0.87,0.36,,,25-12-1953,05-04-1953,Neutral,,,No,0.49,-0.06,-0.43,26.94,300.09,-1.74,E,-1.74,-0.39,0.29,0.34,8,1.2,16,Minimum,0.0,0.78,-0.402
1,12,1953,N,0.62,-0.83,0.27,0.68,,25-12-1953,05-04-1953,Neutral,,,No,-0.2,0.03,-0.44,27.03,300.18,-2.79,E,-2.79,-0.43,0.28,-0.12,2,1.62,16,Minimum,0.0,0.75,-0.401
1,1,1954,N,0.04,-0.05,1.29,,,25-12-1954,18-04-1954,ElNino,CP,Weak,No,-1.0,0.52,0.15,27.52,300.67,-5.13,E,-5.13,-0.18,0.33,-0.83,5,1.47,42,Descending,-3.0,0.05,-0.401
1,2,1954,N,0.16,-0.21,2.25,,,25-12-1954,18-04-1954,Neutral,,,No,-0.28,0.13,-0.15,27.13,300.28,-5.31,E,-5.31,-0.31,0.2,-0.47,7,0.99,42,Descending,-3.0,0.19,-0.4
1,3,1954,D,0.83,-1.11,0.8,,,25-12-1954,18-04-1954,Neutral,,,No,-1.47,-0.17,-0.36,26.83,299.98,-5.93,E,-5.93,-0.18,0.29,0.28,1,0.71,42,Descending,-3.0,1.0,-0.399
1,4,1954,N,0.26,-0.34,0.05,,-0.68,25-12-1954,18-04-1954,LaNina,EP,Weak,No,-1.71,-0.72,-0.12,26.28,299.43,-7.13,E,-7.13,-0.15,0.16,0.73,3,0.87,42,Descending,-3.0,0.31,-0.399
1,5,1954,D,0.93,-1.24,-0.48,,,25-12-1954,18-04-1954,LaNina,EP,Weak,No,-2.55,-0.7,-0.44,26.3,299.45,-11.76,E,-11.76,-0.09,0.11,0.16,5,1.34,42,Descending,-3.0,1.12,-0.398
1,6,1954,N,0.0,0.0,-2.57,,,25-12-1954,18-04-1954,LaNina,EP,Weak,No,-2.09,-0.69,-0.39,26.31,299.46,-14.15,E,-14.15,-0.17,0.03,-1.24,7,1.68,42,Descending,-3.0,0.0,-0.398
1,7,1954,N,0.0,0.0,-2.64,,,25-12-1954,18-04-1954,LaNina,EP,Moderate,No,-2.36,-1.04,-0.78,25.96,299.11,-17.26,E,-17.26,-0.63,-0.15,-1.55,1,1.58,42,Descending,-3.0,0.0,-0.397
1,8,1954,N,0.0,0.0,-2.75,,,25-12-1954,18-04-1954,LaNina,EP,Weak,No,-1.32,-0.73,-0.93,26.27,299.42,-19.63,E,-19.63,-0.73,-0.17,-1.39,3,1.13,42,Descending,-3.0,0.0,-0.396
1,9,1954,S,-1.71,2.28,-1.52,,,25-12-1954,18-04-1954,LaNina,CP,Moderate,No,-1.22,-1.17,-1.23,25.83,298.98,-20.84,E,-20.84,-1.08,-0.08,-1.28,5,0.74,42,Descending,-3.0,2.05,-0.396
1,10,1954,N,-0.3,0.4,-1.05,,,25-12-1954,18-04-1954,LaNina,EP,Weak,No,-2.21,-0.96,-1.15,26.04,299.19,-21.99,E,-21.99,-0.94,-0.0,-0.88,7,0.78,42,Descending,-3.0,0.36,-0.395
1,11,1954,D,1.08,-1.44,0.54,,,25-12-1954,18-04-1954,LaNina,CP,Moderate,No,-1.25,-1.07,-1.48,25.93,299.08,-22.37,E,-22.37,-1.0,-0.02,-0.62,1,1.2,42,Descending,-3.0,1.3,-0.394
1,12,1954,D,1.67,-2.22,0.2,0.5,,25-12-1954,18-04-1954,LaNina,EP,Moderate,No,-1.36,-1.06,-1.35,25.94,299.09,-16.03,E,-16.03,-1.09,0.08,-0.29,3,1.62,42,Descending,-3.0,2.0,-0.394
1,1,1955,D,1.11,-1.48,0.46,,,25-12-1955,10-04-1955,LaNina,CP,Moderate,No,-0.92,-1.1,-1.13,25.9,299.05,-11.52,E,-11.52,-1.15,0.3,-0.55,6,1.47,80,Ascending,0.0,1.33,-0.393
1,2,1955,N,0.13,-0.17,0.81,,,25-12-1955,10-04-1955,LaNina,EP,Weak,No,-1.5,-0.79,-1.21,26.21,299.36,-7.2,E,-7.2,-0.87,0.19,-0.45,8,0.99,80,Ascending,0.0,0.15,-0.393
1,3,1955,N,-0.15,0.2,0.89,,,25-12-1955,10-04-1955,LaNina,CP,Weak,No,-0.65,-0.69,-0.92,26.31,299.46,-3.48,E,-3.48,-0.49,0.15,-0.26,2,0.71,80,Ascending,0.0,0.18,-0.392
1,4,1955,N,0.19,-0.25,0.22,,0.04,25-12-1955,10-04-1955,LaNina,CP,Moderate,No,-0.74,-1.2,-0.8,25.8,298.95,5.03,W,5.03,-0.43,0.19,0.42,4,0.87,80,Ascending,0.0,0.23,-0.391
1,5,1955,N,0.46,-0.62,-1.31,,,25-12-1955,10-04-1955,LaNina,EP,Weak,No,-1.83,-0.79,-0.7,26.21,299.36,8.57,W,8.57,-0.14,0.14,-0.27,6,1.34,80,Ascending,0.0,0.56,-0.391
1,6,1955,N,0.0,0.0,-2.64,,,25-12-1955,10-04-1955,LaNina,EP,Moderate,No,-1.54,-1.08,-1.31,25.92,299.07,9.21,W,9.21,-0.4,-0.03,-1.24,8,1.68,80,Ascending,0.0,0.0,-0.39
1,7,1955,N,0.0,0.0,-2.6,,,25-12-1955,10-04-1955,LaNina,EP,Weak,No,-1.64,-0.91,-1.03,26.09,299.24,7.63,W,7.63,-0.55,0.12,-1.48,2,1.58,80,Ascending,0.0,0.0,-0.39
1,8,1955,N,0.0,0.0,-2.47,,,25-12-1955,10-04-1955,LaNina,EP,Moderate,No,-1.22,-1.02,-1.19,25.98,299.13,6.52,W,6.52,-0.9,0.06,-1.09,4,1.13,80,Ascending,0.0,0.0,-0.389
1,9,1955,N,-0.55,0.73,-0.95,,,25-12-1955,10-04-1955,LaNina,EP,Moderate,No,-1.64,-1.42,-1.19,25.58,298.73,7.93,W,7.93,-1.23,0.04,-1.31,6,0.74,80,Ascending,0.0,0.66,-0.388
1,10,1955,D,1.11,-1.48,-0.79,,,25-12-1955,10-04-1955,LaNina,CP,Strong,No,-1.15,-2.1,-1.6,24.9,298.05,6.98,W,6.98,-1.62,0.11,-0.97,8,0.78,80,Ascending,0.0,1.33,-0.388
1,11,1955,D,1.05,-1.4,0.03,,,25-12-1955,10-04-1955,LaNina,EP,Strong,No,-2.08,-2.21,-1.48,24.79,297.94,6.35,W,6.35,-1.68,0.33,-0.48,2,1.2,80,Ascending,0.0,1.26,-0.387
1,12,1955,N,0.46,-0.62,0.63,1.0,,25-12-1955,10-04-1955,LaNina,CP,Strong,No,-0.85,-1.84,-1.4,25.16,298.31,5.99,W,5.99,-1.56,0.2,-0.35,4,1.62,80,Ascending,0.0,0.56,-0.386
1,1,1956,D,0.86,-1.15,0.87,,,25-12-1956,01-04-1956,LaNina,EP,Moderate,No,-1.61,-1.05,-1.03,25.95,299.1,4.83,W,4.83,-1.12,0.31,-0.17,7,1.47,117,Ascending,0.0,1.03,-0.386
1,2,1956,D,0.96,-1.28,2.47,,,25-12-1956,01-04-1956,LaNina,EP,Moderate,No,-1.1,-1.02,-1.08,25.98,299.13,6.35,W,6.35,-1.0,0.29,-0.17,1,0.99,117,Ascending,0.0,1.15,-0.385
1,3,1956,S,-0.85,1.14,1.03,,,25-12-1956,01-04-1956,LaNina,CP,Weak,No,-0.31,-0.89,-1.29,26.11,299.26,6.58,W,6.58,-0.61,0.19,-0.1,3,0.71,117,Ascending,0.0,1.03,-0.385
1,4,1956,S,-2.39,3.18,-0.15,,-0.04,25-12-1956,01-04-1956,LaNina,EP,Weak,No,-1.1,-0.79,-1.0,26.21,299.36,5.02,W,5.02,-0.19,0.23,0.19,5,0.87,117,Ascending,0.0,2.86,-0.384
1,5,1956,N,0.59,-0.79,-1.1,,,25-12-1956,01-04-1956,LaNina,CP,Moderate,No,-0.7,-1.19,-1.46,25.81,298.96,-2.11,E,-2.11,-0.38,0.06,-0.4,7,1.34,117,Ascending,0.0,0.71,-0.383
1,6,1956,N,0.0,0.0,-2.47,,,25-12-1956,01-04-1956,LaNina,CP,Moderate,No,-0.87,-1.0,-1.39,26.0,299.15,-8.88,E,-8.88,-0.36,-0.34,-1.18,1,1.68,117,Ascending,0.0,0.0,-0.383
1,7,1956,N,0.0,0.0,-2.94,,,25-12-1956,01-04-1956,LaNina,CP,Weak,No,-0.57,-0.89,-1.17,26.11,299.26,-12.13,E,-12.13,-0.54,-0.28,-1.45,3,1.58,117,Ascending,0.0,0.0,-0.382
1,8,1956,N,0.0,0.0,-2.91,,,25-12-1956,01-04-1956,LaNina,CP,Weak,No,0.16,-0.77,-0.85,26.23,299.38,-13.77,E,-13.77,-0.75,-0.32,-1.25,5,1.13,117,Ascending,0.0,0.0,-0.382
1,9,1956,N,-0.02,0.03,-0.91,,,25-12-1956,01-04-1956,LaNina,CP,Weak,No,-0.73,-0.9,-0.85,26.1,299.25,-14.67,E,-14.67,-0.91,-0.27,-0.16,7,0.74,117,Ascending,0.0,0.03,-0.381
1,10,1956,N,0.55,-0.74,-0.87,,,25-12-1956,01-04-1956,LaNina,CP,Moderate,No,-0.51,-1.07,-1.29,25.93,299.08,-15.81,E,-15.81,-1.0,-0.18,-1.09,1,0.78,117,Ascending,0.0,0.67,-0.38
1,11,1956,N,0.74,-0.99,0.04,,,25-12-1956,01-04-1956,LaNina,EP,Moderate,No,-1.3,-1.04,-0.67,25.96,299.11,-18.08,E,-18.08,-0.98,-0.19,-0.68,3,1.2,117,Ascending,0.0,0.89,-0.38
1,12,1956,N,-0.7,0.93,0.16,0.68,,25-12-1956,01-04-1956,LaNina,EP,Weak,No,-0.94,-0.81,-0.63,26.19,299.34,-20.09,E,-20.09,-0.94,-0.03,-0.79,5,1.62,117,Ascending,0.0,0.84,-0.379
1,1,1957,S,-0.92,1.22,0.79,,,25-12-1957,21-04-1957,Neutral,,,No,-1.02,-0.45,-0.13,26.55,299.7,-21.85,E,-21.85,-0.76,0.02,-1.08,8,1.47,143,Peak,-3.0,1.1,-0.378
1,2,1957,S,-3.0,4.0,0.37,,,25-12-1957,21-04-1957,Neutral,,,No,0.02,-0.04,0.3,26.96,300.11,-18.87,E,-18.87,-0.42,-0.01,-0.85,2,0.99,143,Peak,-3.0,3.6,-0.378
1,3,1957,N,0.49,-0.66,0.99,,,25-12-1957,21-04-1957,Neutral,,,No,1.02,0.48,-0.08,27.48,300.63,-17.98,E,-17.98,0.21,0.05,-0.37,4,0.71,143,Peak,-3.0,0.59,-0.377
1,4,1957,S,-0.89,1.18,0.1,,-0.64,25-12-1957,21-04-1957,Neutral,,,No,1.31,0.35,0.0,27.35,300.5,-13.74,E,-13.74,0.5,0.02,0.57,6,0.87,143,Peak,-3.0,1.06,-0.377
1,5,1957,N,-0.08,0.11,-0.97,,,25-12-1957,21-04-1957,ElNino,EP,Moderate,No,1.71,1.27,0.28,28.27,301.42,-4.05,E,-4.05,1.1,-0.05,0.67,8,1.34,143,Peak,-3.0,0.1,-0.376
1,6,1957,N,0.0,0.0,-2.7,,,25-12-1957,21-04-1957,ElNino,EP,Weak,No,1.34,0.98,-0.07,27.98,301.13,1.88,W,1.88,0.83,-0.11,-0.39,2,1.68,143,Peak,-3.0,0.0,-0.375
1,7,1957,N,0.0,0.0,-2.6,,,25-12-1957,21-04-1957,ElNino,EP,Weak,No,1.42,0.89,0.05,27.89,301.04,4.82,W,4.82,0.53,-0.19,-0.93,4,1.58,143,Peak,-3.0,0.0,-0.375
1,8,1957,N,0.0,0.0,-2.67,,,25-12-1957,21-04-1957,ElNino,EP,Weak,No,1.53,0.9,0.06,27.9,301.05,5.89,W,5.89,0.25,-0.04,-0.78,6,1.13,143,Peak,-3.0,0.0,-0.374
1,9,1957,S,-1.03,1.38,-1.54,,,25-12-1957,21-04-1957,ElNino,EP,Weak,No,1.51,0.95,0.04,27.95,301.1,6.64,W,6.64,0.2,-0.02,-0.97,8,0.74,143,Peak,-3.0,1.24,-0.374
1,10,1957,N,-0.55,0.73,-0.72,,,25-12-1957,21-04-1957,ElNino,CP,Weak,No,0.63,0.82,0.64,27.82,300.97,8.43,W,8.43,0.13,0.0,-0.28,2,0.78,143,Peak,-3.0,0.66,-0.373
1,11,1957,S,-0.95,1.26,0.22,,,25-12-1957,21-04-1957,ElNino,EP,Weak,No,0.56,0.83,0.25,27.83,300.98,9.72,W,9.72,0.14,0.02,-0.66,4,1.2,143,Peak,-3.0,1.13,-0.372
1,12,1957,S,-0.85,1.14,-0.4,0.19,,25-12-1957,21-04-1957,ElNino,EP,Weak,No,0.84,0.92,0.43,27.92,301.07,10.74,W,10.74,0.1,0.01,-0.56,6,1.62,143,Peak,-3.0,1.03,-0.372
1,1,1958,N,-0.73,0.97,0.8,,,25-12-1958,06-04-1958,ElNino,CP,Strong,No,0.57,1.67,0.66,28.67,301.82,11.1,W,11.1,0.51,0.16,-0.55,1,1.47,149,Peak,0.0,0.87,-0.371
1,2,1958,N,-0.55,0.73,0.18,,,25-12-1958,06-04-1958,ElNino,CP,Moderate,No,0.38,1.27,0.67,28.27,301.42,8.67,W,8.67,0.37,0.29,-1.01,3,0.99,149,Peak,0.0,0.66,-0.37
1,3,1958,N,-0.39,0.52,1.31,,,25-12-1958,06-04-1958,ElNino,CP,Weak,No,0.27,0.98,0.47,27.98,301.13,7.93,W,7.93,0.51,0.37,-0.53,5,0.71,149,Peak,0.0,0.47,-0.37
1,4,1958,N,-0.73,0.97,0.38,,0.06,25-12-1958,06-04-1958,Neutral,,,No,0.55,0.49,0.13,27.49,300.64,10.85,W,10.85,0.58,0.38,-0.33,7,0.87,149,Peak,0.0,0.87,-0.369
1,5,1958,N,-0.21,0.28,-0.86,,,25-12-1958,06-04-1958,ElNino,CP,Weak,No,0.13,0.68,0.44,27.68,300.83,7.35,W,7.35,0.74,0.24,-0.35,1,1.34,149,Peak,0.0,0.25,-0.369
1,6,1958,N,0.0,0.0,-2.42,,,25-12-1958,06-04-1958,Neutral,,,No,0.12,0.39,0.54,27.39,300.54,3.28,W,3.28,0.48,0.15,-1.43,3,1.68,149,Peak,0.0,0.0,-0.368
1,7,1958,N,0.0,0.0,-2.73,,,25-12-1958,06-04-1958,Neutral,,,No,0.31,0.28,0.03,27.28,300.43,-0.31,E,-0.31,0.17,0.08,-2.3,5,1.58,149,Peak,0.0,0.0,-0.367
1,8,1958,N,0.0,0.0,-2.57,,,25-12-1958,06-04-1958,Neutral,,,No,0.1,0.06,0.03,27.06,300.21,-3.36,E,-3.36,-0.25,0.06,-1.53,7,1.13,149,Peak,0.0,0.0,-0.367
1,9,1958,N,0.62,-0.83,-0.8,,,25-12-1958,06-04-1958,LaNina,CP,Weak,No,0.11,-0.62,-0.49,26.38,299.53,-5.07,E,-5.07,-0.75,0.04,-0.73,1,0.74,149,Peak,0.0,0.75,-0.366
1,10,1958,N,-0.55,0.73,-0.68,,,25-12-1958,06-04-1958,Neutral,,,No,0.33,-0.21,0.01,26.79,299.94,-9.54,E,-9.54,-0.49,-0.02,-0.88,3,0.78,149,Peak,0.0,0.66,-0.366
1,11,1958,D,0.96,-1.28,0.23,,,25-12-1958,06-04-1958,Neutral,,,No,0.0,-0.11,-0.05,26.89,300.04,-11.21,E,-11.21,-0.42,0.1,-0.55,5,1.2,149,Peak,0.0,1.15,-0.365
1,12,1958,N,0.46,-0.62,0.43,0.8,,25-12-1958,06-04-1958,Neutral,,,No,-0.37,-0.09,-0.14,26.91,300.06,-12.41,E,-12.41,-0.51,0.17,-0.65,7,1.62,149,Peak,0.0,0.56,-0.364
1,1,1959,N,-0.52,0.69,0.39,,,25-12-1959,29-03-1959,ElNino,CP,Weak,No,-0.64,0.59,0.34,27.59,300.74,-13.23,E,-13.23,-0.14,0.21,-0.09,2,1.47,132,Peak,3.0,0.62,-0.364
1,2,1959,N,0.32,-0.42,0.47,,,25-12-1959,29-03-1959,ElNino,CP,Weak,No,-0.17,0.61,0.44,27.61,300.76,-13.32,E,-13.32,-0.03,0.15,0.19,4,0.99,132,Peak,3.0,0.38,-0.363
1,3,1959,N,0.29,-0.38,0.59,,0.87,25-12-1959,29-03-1959,ElNino,EP,Weak,No,0.5,0.69,0.11,27.69,300.84,-14.35,E,-14.35,0.33,0.08,0.03,6,0.71,132,Peak,3.0,0.34,-0.362
1,4,1959,N,-0.18,0.24,0.09,,,25-12-1959,29-03-1959,Neutral,,,No,0.17,0.44,0.35,27.44,300.59,-17.35,E,-17.35,0.55,-0.02,0.26,8,0.87,132,Peak,3.0,0.22,-0.362
1,5,1959,N,0.52,-0.7,-0.56,,,25-12-1959,29-03-1959,ElNino,CP,Weak,No,0.14,0.66,0.38,27.66,300.81,-20.77,E,-20.77,0.73,-0.07,-0.25,2,1.34,132,Peak,3.0,0.63,-0.361
1,6,1959,N,0.0,0.0,-2.57,,,25-12-1959,29-03-1959,Neutral,,,No,-0.83,0.28,-0.15,27.28,300.43,-17.82,E,-17.82,0.41,-0.29,-1.14,4,1.68,132,Peak,3.0,0.0,-0.361
1,7,1959,N,0.0,0.0,-2.51,,,25-12-1959,29-03-1959,Neutral,,,No,-0.29,-0.21,-0.46,26.79,299.94,-6.36,E,-6.36,-0.13,-0.36,-1.77,6,1.58,132,Peak,3.0,0.0,-0.36
1,8,1959,N,0.0,0.0,-2.68,,,25-12-1959,29-03-1959,Neutral,,,No,-0.5,0.04,0.06,27.04,300.19,2.65,W,2.65,-0.27,-0.29,-1.52,8,1.13,132,Peak,3.0,0.0,-0.359
1,9,1959,S,-3.0,4.0,-1.32,,,25-12-1959,29-03-1959,LaNina,EP,Weak,No,-0.34,-0.6,-0.33,26.4,299.55,6.03,W,6.03,-0.73,-0.06,-0.8,2,0.74,132,Peak,3.0,3.6,-0.359
1,10,1959,S,-1.25,1.67,-0.33,,,25-12-1959,29-03-1959,Neutral,,,No,0.02,-0.07,-0.1,26.93,300.08,9.71,W,9.71,-0.4,-0.06,-0.99,4,0.78,132,Peak,3.0,1.5,-0.358
1,11,1959,S,-2.05,2.73,0.87,,,25-12-1959,29-03-1959,LaNina,CP,Weak,No,0.0,-0.55,-0.58,26.45,299.6,10.79,W,10.79,-0.69,-0.1,-0.5,6,1.2,132,Peak,3.0,2.46,-0.358
1,12,1959,N,0.26,-0.34,1.06,1.36,,25-12-1959,29-03-1959,Neutral,,,No,-0.53,-0.1,-0.57,26.9,300.05,9.14,W,9.14,-0.51,0.04,-0.46,8,1.62,132,Peak,3.0,0.31,-0.357
1,1,1960,N,0.22,-0.29,1.12,,,25-12-1960,17-04-1960,Neutral,,,No,0.0,0.2,-0.38,27.2,300.35,5.99,W,5.99,-0.37,0.23,-0.8,3,1.47,99,Descending,-3.0,0.26,-0.356
1,2,1960,N,0.16,-0.21,0.9,,,25-12-1960,17-04-1960,Neutral,,,No,-0.64,-0.11,-0.28,26.89,300.04,6.8,W,6.8,-0.46,0.3,-0.8,5,0.99,99,Descending,-3.0,0.19,-0.356
1,3,1960,S,-1.77,2.36,1.58,,,25-12-1960,17-04-1960,Neutral,,,No,-0.94,0.21,-0.18,27.21,300.36,7.97,W,7.97,0.05,0.13,-0.71,7,0.71,99,Descending,-3.0,2.12,-0.355
1,4,1960,N,0.26,-0.34,0.4,,-0.65,25-12-1960,17-04-1960,Neutral,,,No,-1.23,-0.18,-0.34,26.82,299.97,6.77,W,6.77,0.18,0.2,0.06,1,0.87,99,Descending,-3.0,0.31,-0.354
1,5,1960,N,0.04,-0.05,-0.11,,,25-12-1960,17-04-1960,Neutral,,,No,-1.27,-0.02,-0.18,26.98,300.13,2.43,W,2.43,0.32,0.22,-0.61,3,1.34,99,Descending,-3.0,0.05,-0.354
1,6,1960,N,0.0,0.0,-2.68,,,25-12-1960,17-04-1960,Neutral,,,No,-1.24,-0.15,-0.43,26.85,300.0,-3.47,E,-3.47,0.15,0.09,-0.93,5,1.68,99,Descending,-3.0,0.0,-0.353
1,7,1960,N,0.0,0.0,-2.44,,,25-12-1960,17-04-1960,Neutral,,,No,-1.31,-0.07,-0.46,26.93,300.08,-9.76,E,-9.76,-0.04,0.03,-1.62,7,1.58,99,Descending,-3.0,0.0,-0.353
1,8,1960,N,0.0,0.0,-2.65,,,25-12-1960,17-04-1960,Neutral,,,No,-0.86,-0.14,-0.67,26.86,300.01,-11.76,E,-11.76,-0.37,0.1,-1.04,1,1.13,99,Descending,-3.0,0.0,-0.352
1,9,1960,N,0.26,-0.34,-0.85,,,25-12-1960,17-04-1960,Neutral,,,No,-0.24,-0.24,-0.79,26.76,299.91,-12.75,E,-12.75,-0.52,0.08,-0.88,3,0.74,99,Descending,-3.0,0.31,-0.351
1,10,1960,D,0.77,-1.03,-0.1,,,25-12-1960,17-04-1960,Neutral,,,No,-0.48,-0.18,-0.07,26.82,299.97,-14.03,E,-14.03,-0.47,0.22,-0.4,5,0.78,99,Descending,-3.0,0.93,-0.351
1,11,1960,D,0.99,-1.32,0.47,,,25-12-1960,17-04-1960,Neutral,,,No,-1.1,-0.44,-0.04,26.56,299.71,-16.34,E,-16.34,-0.62,0.19,-0.58,7,1.2,99,Descending,-3.0,1.19,-0.35
1,12,1960,N,-0.15,0.2,0.27,0.69,,25-12-1960,17-04-1960,Neutral,,,No,-0.59,-0.18,-0.18,26.82,299.97,-18.64,E,-18.64,-0.56,0.13,-0.37,1,1.62,99,Descending,-3.0,0.18,-0.349
1,1,1961,N,0.04,-0.05,0.83,,,25-12-1961,02-04-1961,Neutral,,,No,-0.25,0.14,-0.07,27.14,300.29,-19.78,E,-19.78,-0.41,0.29,-0.16,4,1.47,60,Descending,0.0,0.05,-0.349
1,2,1961,N,-0.21,0.28,0.38,,,25-12-1961,02-04-1961,Neutral,,,No,0.03,0.15,-0.3,27.15,300.3,-19.17,E,-19.17,-0.3,0.38,-0.3,6,0.99,60,Descending,0.0,0.25,-0.348
1,3,1961,N,0.74,-0.99,-0.54,,,25-12-1961,02-04-1961,Neutral,,,No,-0.63,-0.31,-0.53,26.69,299.84,-19.4,E,-19.4,-0.27,0.36,0.04,8,0.71,60,Descending,0.0,0.89,-0.348
1,4,1961,N,0.26,-0.34,-0.04,,0.06,25-12-1961,02-04-1961,Neutral,,,No,-0.97,-0.47,-0.39,26.53,299.68,-12.45,E,-12.45,0.0,0.43,0.29,2,0.87,60,Descending,0.0,0.31,-0.347
1,5,1961,S,-1.59,2.12,-0.83,,,25-12-1961,02-04-1961,Neutral,,,No,-0.88,0.13,-0.28,27.13,300.28,-0.05,E,-0.05,0.41,0.29,0.22,4,1.34,60,Descending,0.0,1.91,-0.346
1,6,1961,N,0.0,0.0,-2.59,,,25-12-1961,02-04-1961,Neutral,,,No,-0.46,-0.44,-0.44,26.56,299.71,6.27,W,6.27,-0.02,0.12,-0.55,6,1.68,60,Descending,0.0,0.0,-0.346
1,7,1961,N,0.0,0.0,-2.79,,,25-12-1961,02-04-1961,Neutral,,,No,-1.12,-0.26,-0.11,26.74,299.89,6.76,W,6.76,-0.16,0.06,-0.48,8,1.58,60,Descending,0.0,0.0,-0.345
1,8,1961,N,0.0,0.0,-2.93,,,25-12-1961,02-04-1961,Neutral,,,No,-0.41,-0.21,-0.36,26.79,299.94,4.31,W,4.31,-0.42,0.03,-0.4,2,1.13,60,Descending,0.0,0.0,-0.345
1,9,1961,N,-0.46,0.61,-1.1,,,25-12-1961,02-04-1961,LaNina,CP,Weak,No,-0.57,-0.53,-0.63,26.47,299.62,4.8,W,4.8,-0.69,-0.05,0.1,4,0.74,60,Descending,0.0,0.55,-0.344
1,10,1961,N,-0.33,0.44,-0.13,,,25-12-1961,02-04-1961,LaNina,CP,Weak,No,-0.5,-0.52,-0.5,26.48,299.63,7.66,W,7.66,-0.67,-0.06,0.14,6,0.78,60,Descending,0.0,0.4,-0.343
1,11,1961,N,0.55,-0.74,0.17,,,25-12-1961,02-04-1961,LaNina,EP,Weak,No,-0.8,-0.5,-0.71,26.5,299.65,10.38,W,10.38,-0.66,0.17,0.26,8,1.2,60,Descending,0.0,0.67,-0.343
1,12,1961,N,0.19,-0.25,-0.03,0.42,,25-12-1961,02-04-1961,Neutral,,,No,-0.91,-0.28,-0.56,26.72,299.87,9.68,W,9.68,-0.62,0.24,-0.45,2,1.62,60,Descending,0.0,0.23,-0.342
1,1,1962,S,-0.89,1.18,0.21,,,25-12-1962,22-04-1962,LaNina,CP,Weak,No,-0.32,-0.68,-0.83,26.32,299.47,9.44,W,9.44,-0.9,0.3,-0.21,5,1.47,27,Minimum,-3.0,1.06,-0.341
1,2,1962,N,0.65,-0.87,0.56,,,25-12-1962,22-04-1962,Neutral,,,No,-0.89,-0.4,-0.34,26.6,299.75,9.88,W,9.88,-0.63,0.25,-0.35,7,0.99,27,Minimum,-3.0,0.78,-0.341
1,3,1962,N,0.19,-0.25,0.6,,,25-12-1962,22-04-1962,LaNina,EP,Moderate,No,-2.12,-1.06,-0.66,25.94,299.09,11.22,W,11.22,-0.72,0.17,-0.13,1,0.71,27,Minimum,-3.0,0.23,-0.34
1,4,1962,N,-0.27,0.36,-0.03,,-0.74,25-12-1962,22-04-1962,LaNina,EP,Weak,No,-1.73,-0.99,-0.58,26.01,299.16,13.46,W,13.46,-0.31,0.17,0.5,3,0.87,27,Minimum,-3.0,0.32,-0.34
1,5,1962,N,0.49,-0.66,-1.13,,,25-12-1962,22-04-1962,LaNina,EP,Weak,No,-0.95,-0.57,-0.71,26.43,299.58,10.8,W,10.8,-0.01,0.07,0.26,5,1.34,27,Minimum,-3.0,0.59,-0.339
1,6,1962,N,0.0,0.0,-2.62,,,25-12-1962,22-04-1962,LaNina,EP,Weak,No,-1.55,-0.69,-0.64,26.31,299.46,6.09,W,6.09,-0.17,-0.2,-1.06,7,1.68,27,Minimum,-3.0,0.0,-0.338
1,7,1962,N,0.0,0.0,-2.69,,,25-12-1962,22-04-1962,LaNina,EP,Weak,No,-1.12,-0.69,-0.51,26.31,299.46,0.82,W,0.82,-0.42,-0.29,-0.91,1,1.58,27,Minimum,-3.0,0.0,-0.338
1,8,1962,N,0.0,0.0,-2.77,,,25-12-1962,22-04-1962,Neutral,,,No,-0.41,-0.45,-0.37,26.55,299.7,-1.16,E,-1.16,-0.56,-0.35,-0.54,3,1.13,27,Minimum,-3.0,0.0,-0.337
1,9,1962,N,0.46,-0.62,-1.2,,,25-12-1962,22-04-1962,LaNina,CP,Moderate,No,-0.3,-1.12,-0.67,25.88,299.03,-2.29,E,-2.29,-1.05,-0.14,0.04,5,0.74,27,Minimum,-3.0,0.56,-0.337
1,10,1962,N,0.55,-0.74,-0.54,,,25-12-1962,22-04-1962,LaNina,EP,Weak,No,-0.78,-0.65,-0.53,26.35,299.5,-3.37,E,-3.37,-0.75,0.05,-0.16,7,0.78,27,Minimum,-3.0,0.67,-0.336
1,11,1962,N,0.62,-0.83,0.26,,,25-12-1962,22-04-1962,LaNina,EP,Weak,No,-0.67,-0.53,-0.61,26.47,299.62,-4.96,E,-4.96,-0.67,0.13,-0.12,1,1.2,27,Minimum,-3.0,0.75,-0.335
1,12,1962,N,0.59,-0.79,0.18,0.57,,25-12-1962,22-04-1962,LaNina,EP,Weak,No,-0.8,-0.73,-0.57,26.27,299.42,-6.47,E,-6.47,-0.89,0.28,-0.64,3,1.62,27,Minimum,-3.0,0.71,-0.335
1,1,1963,S,-0.92,1.22,1.33,,,25-12-1963,14-04-1963,LaNina,CP,Weak,No,-0.43,-0.9,-0.52,26.1,299.25,-9.66,E,-9.66,-1.03,0.36,-0.41,6,1.47,10,Minimum,0.0,1.1,-0.334
1,2,1963,N,0.55,-0.74,1.13,,,25-12-1963,14-04-1963,LaNina,EP,Moderate,No,-0.73,-1.03,-0.42,25.97,299.12,-9.25,E,-9.25,-1.01,0.28,0.31,8,0.99,10,Minimum,0.0,0.67,-0.333
1,3,1963,S,-3.0,4.0,1.01,,,25-12-1963,14-04-1963,LaNina,CP,Weak,No,-0.36,-0.95,-0.7,26.05,299.2,-12.09,E,-12.09,-0.65,0.18,0.35,2,0.71,10,Minimum,0.0,3.6,-0.333
1,4,1963,S,-1.06,1.42,0.33,,-0.0,25-12-1963,14-04-1963,LaNina,EP,Weak,No,-0.6,-0.62,-0.03,26.38,299.53,-15.95,E,-15.95,-0.09,0.18,0.94,4,0.87,10,Minimum,0.0,1.28,-0.332
1,5,1963,N,0.1,-0.13,-0.48,,,25-12-1963,14-04-1963,Neutral,,,No,-0.12,-0.4,-0.24,26.6,299.75,-19.29,E,-19.29,0.09,-0.08,0.27,6,1.34,10,Minimum,0.0,0.12,-0.332
1,6,1963,N,0.0,0.0,-2.75,,,25-12-1963,14-04-1963,Neutral,,,No,0.18,-0.09,-0.33,26.91,300.06,-21.9,E,-21.9,0.19,-0.15,-0.59,8,1.68,10,Minimum,0.0,0.0,-0.331
1,7,1963,N,0.0,0.0,-2.57,,,25-12-1963,14-04-1963,Neutral,,,No,0.53,0.21,0.32,27.21,300.36,-24.55,E,-24.55,0.12,-0.21,-1.0,2,1.58,10,Minimum,0.0,0.0,-0.33
1,8,1963,N,0.0,0.0,-2.6,,,25-12-1963,14-04-1963,Neutral,,,No,0.79,0.31,0.48,27.31,300.46,-17.9,E,-17.9,-0.1,-0.31,-0.86,4,1.13,10,Minimum,0.0,0.0,-0.33
1,9,1963,S,-1.8,2.4,-1.11,,,25-12-1963,14-04-1963,Neutral,,,No,0.84,0.09,0.2,27.09,300.24,-5.71,E,-5.71,-0.32,-0.42,-0.07,6,0.74,10,Minimum,0.0,2.16,-0.329
1,10,1963,N,-0.36,0.48,-0.69,,,25-12-1963,14-04-1963,Neutral,,,No,-0.03,0.4,0.16,27.4,300.55,3.83,W,3.83,-0.12,-0.18,0.96,8,0.78,10,Minimum,0.0,0.43,-0.329
1,11,1963,N,0.16,-0.21,-0.54,,,25-12-1963,14-04-1963,ElNino,CP,Weak,No,-0.31,0.62,0.38,27.62,300.77,6.96,W,6.96,0.02,0.09,1.0,2,1.2,10,Minimum,0.0,0.19,-0.328
1,12,1963,N,-0.39,0.52,0.33,0.8,,25-12-1963,14-04-1963,ElNino,CP,Weak,No,-0.4,0.64,0.44,27.64,300.79,7.13,W,7.13,-0.07,0.06,0.7,4,1.62,10,Minimum,0.0,0.47,-0.327
1,1,1964,N,0.16,-0.21,0.45,,,25-12-1964,29-03-1964,ElNino,CP,Weak,No,-0.38,0.73,0.39,27.73,300.88,6.7,W,6.7,-0.06,0.1,0.0,7,1.47,16,Minimum,3.0,0.19,-0.327
1,2,1964,N,0.43,-0.58,1.19,,,25-12-1964,29-03-1964,ElNino,CP,Weak,Yes,-1.37,0.61,0.33,27.61,300.76,4.15,W,4.15,-0.03,0.24,-0.54,1,0.99,16,Minimum,3.0,0.52,-0.326
1,3,1964,N,0.29,-0.38,1.33,,1.13,25-12-1964,29-03-1964,LaNina,EP,Weak,No,-1.34,-0.52,-0.36,26.48,299.63,6.95,W,6.95,-0.39,0.1,0.3,3,0.71,16,Minimum,3.0,0.34,-0.325
1,4,1964,N,-0.42,0.56,0.15,,,25-12-1964,29-03-1964,LaNina,EP,Weak,No,-0.98,-0.79,-0.19,26.21,299.36,9.19,W,9.19,-0.19,-0.05,0.82,5,0.87,16,Minimum,3.0,0.5,-0.325
1,5,1964,N,-0.73,0.97,-0.79,,,25-12-1964,29-03-1964,LaNina,EP,Weak,No,-2.24,-0.66,-0.12,26.34,299.49,11.71,W,11.71,-0.06,0.0,0.25,7,1.34,16,Minimum,3.0,0.87,-0.324
1,6,1964,N,0.0,0.0,-2.52,,,25-12-1964,29-03-1964,LaNina,EP,Moderate,No,-1.69,-1.14,-0.55,25.86,299.01,12.8,W,12.8,-0.44,-0.12,-0.72,1,1.68,16,Minimum,3.0,0.0,-0.324
1,7,1964,N,0.0,0.0,-2.67,,,25-12-1964,29-03-1964,LaNina,EP,Moderate,No,-2.08,-1.17,-0.45,25.83,298.98,11.53,W,11.53,-0.7,-0.27,-1.33,3,1.58,16,Minimum,3.0,0.0,-0.323
1,8,1964,N,0.0,0.0,-2.63,,,25-12-1964,29-03-1964,LaNina,EP,Moderate,No,-1.86,-1.03,-0.69,25.97,299.12,12.35,W,12.35,-0.91,-0.44,-1.42,5,1.13,16,Minimum,3.0,0.0,-0.322
1,9,1964,S,-1.43,1.91,-1.38,,,25-12-1964,29-03-1964,LaNina,CP,Moderate,No,-1.18,-1.38,-1.23,25.62,298.77,12.77,W,12.77,-1.2,-0.33,-0.81,7,0.74,16,Minimum,3.0,1.72,-0.322
1,10,1964,N,-0.27,0.36,-0.28,,,25-12-1964,29-03-1964,LaNina,EP,Moderate,No,-1.45,-1.06,-1.02,25.94,299.09,13.71,W,13.71,-1.0,-0.3,-1.0,1,0.78,16,Minimum,3.0,0.32,-0.321
1,11,1964,N,0.46,-0.62,-0.42,,,25-12-1964,29-03-1964,LaNina,CP,Moderate,No,-0.87,-1.02,-0.97,25.98,299.13,13.52,W,13.52,-0.97,-0.12,-0.04,3,1.2,16,Minimum,3.0,0.56,-0.321
1,12,1964,N,0.01,-0.01,0.0,0.47,,25-12-1964,29-03-1964,LaNina,CP,Moderate,No,-0.69,-1.11,-0.98,25.89,299.04,11.68,W,11.68,-1.12,-0.09,-0.2,5,1.62,16,Minimum,3.0,0.01,-0.32
1,1,1965,N,0.71,-0.95,1.06,,,25-12-1965,18-04-1965,LaNina,CP,Weak,No,-0.07,-0.59,-0.47,26.41,299.56,11.03,W,11.03,-0.85,0.0,-0.04,8,1.47,42,Descending,-3.0,0.85,-0.319
1,2,1965,N,0.38,-0.5,0.92,,,25-12-1965,18-04-1965,Neutral,,,No,-0.45,-0.26,-0.18,26.74,299.89,10.82,W,10.82,-0.55,0.09,0.42,2,0.99,42,Descending,-3.0,0.45,-0.319
1,3,1965,N,0.59,-0.79,0.36,,,25-12-1965,18-04-1965,Neutral,,,No,0.17,-0.3,-0.48,26.7,299.85,12.03,W,12.03,-0.26,0.06,0.65,4,0.71,42,Descending,-3.0,0.71,-0.318
1,4,1965,S,-0.98,1.3,0.49,,-0.47,25-12-1965,18-04-1965,Neutral,,,No,1.05,0.19,-0.12,27.19,300.34,10.96,W,10.96,0.4,0.06,0.83,6,0.87,42,Descending,-3.0,1.17,-0.317
1,5,1965,S,-3.0,4.0,-0.81,,,25-12-1965,18-04-1965,ElNino,EP,Weak,No,1.51,0.66,-0.24,27.66,300.81,3.53,W,3.53,0.73,-0.01,0.52,8,1.34,42,Descending,-3.0,3.6,-0.317
1,6,1965,N,0.0,0.0,-2.61,,,25-12-1965,18-04-1965,ElNino,EP,Weak,No,1.29,0.56,-0.32,27.56,300.71,-3.92,E,-3.92,0.58,-0.22,-0.31,2,1.68,42,Descending,-3.0,0.0,-0.316
1,7,1965,N,0.0,0.0,-2.88,,,25-12-1965,18-04-1965,ElNino,EP,Weak,No,1.57,0.76,-0.06,27.76,300.91,-8.14,E,-8.14,0.45,-0.33,-0.27,4,1.58,42,Descending,-3.0,0.0,-0.316
1,8,1965,N,0.0,0.0,-2.73,,,25-12-1965,18-04-1965,ElNino,EP,Moderate,No,1.37,1.02,0.07,28.02,301.17,-10.77,E,-10.77,0.32,-0.38,-0.33,6,1.13,42,Descending,-3.0,0.0,-0.315
1,9,1965,S,-2.51,3.35,-1.21,,,25-12-1965,18-04-1965,ElNino,EP,Moderate,No,1.01,1.05,0.38,28.05,301.2,-13.09,E,-13.09,0.26,-0.28,-0.22,8,0.74,42,Descending,-3.0,3.02,-0.314
1,10,1965,N,-0.27,0.36,-0.71,,,25-12-1965,18-04-1965,ElNino,EP,Strong,No,1.02,1.59,0.71,28.59,301.74,-14.85,E,-14.85,0.59,-0.28,1.29,2,0.78,42,Descending,-3.0,0.32,-0.314
1,11,1965,N,-0.36,0.48,0.2,,,25-12-1965,18-04-1965,ElNino,CP,Strong,No,0.73,1.51,0.9,28.51,301.66,-17.96,E,-17.96,0.55,-0.26,1.27,4,1.2,42,Descending,-3.0,0.43,-0.313
1,12,1965,N,0.19,-0.25,-0.4,0.08,,25-12-1965,18-04-1965,ElNino,CP,Strong,No,0.48,1.53,0.68,28.53,301.68,-20.76,E,-20.76,0.47,-0.01,0.37,6,1.62,42,Descending,-3.0,0.23,-0.313
1,1,1966,N,-0.55,0.73,1.45,,,25-12-1966,10-04-1966,ElNino,CP,Moderate,No,0.4,1.42,0.85,28.42,301.57,-22.57,E,-22.57,0.36,0.17,0.45,1,1.47,80,Ascending,0.0,0.66,-0.312
1,2,1966,N,0.68,-0.91,1.03,,,25-12-1966,10-04-1966,ElNino,CP,Moderate,Yes,-0.42,1.29,0.87,28.29,301.44,-21.48,E,-21.48,0.38,0.23,0.43,3,0.99,80,Ascending,0.0,0.82,-0.311
1,3,1966,N,-0.33,0.44,0.32,,,25-12-1966,10-04-1966,ElNino,CP,Moderate,Yes,-1.26,1.08,0.7,28.08,301.23,-21.59,E,-21.59,0.57,0.15,0.31,5,0.71,80,Ascending,0.0,0.4,-0.311
1,4,1966,N,0.19,-0.25,-0.05,,-0.2,25-12-1966,10-04-1966,ElNino,CP,Weak,Yes,-1.49,0.61,0.63,27.61,300.76,-19.2,E,-19.2,0.65,0.19,0.79,7,0.87,80,Ascending,0.0,0.23,-0.31
1,5,1966,N,0.16,-0.21,-0.75,,,25-12-1966,10-04-1966,Neutral,,,No,-1.54,0.3,0.57,27.3,300.45,-13.01,E,-13.01,0.51,0.01,0.15,1,1.34,80,Ascending,0.0,0.19,-0.309
1,6,1966,N,0.0,0.0,-2.46,,,25-12-1966,10-04-1966,ElNino,CP,Weak,Yes,-1.11,0.61,0.45,27.61,300.76,-3.35,E,-3.35,0.61,-0.08,-0.53,3,1.68,80,Ascending,0.0,0.0,-0.309
1,7,1966,N,0.0,0.0,-2.65,,,25-12-1966,10-04-1966,ElNino,CP,Moderate,Yes,-0.68,1.11,0.88,28.11,301.26,0.3,W,0.3,0.66,-0.19,-0.47,5,1.58,80,Ascending,0.0,0.0,-0.308
1,8,1966,N,0.0,0.0,-2.6,,,25-12-1966,10-04-1966,Neutral,,,No,-0.14,0.29,0.16,27.29,300.44,2.91,W,2.91,-0.12,-0.11,-0.14,7,1.13,80,Ascending,0.0,0.0,-0.308
1,9,1966,S,-1.68,2.24,-1.53,,,25-12-1966,10-04-1966,Neutral,,,No,-0.42,0.26,-0.02,27.26,300.41,4.85,W,4.85,-0.22,-0.02,0.52,1,0.74,80,Ascending,0.0,2.02,-0.307
1,10,1966,S,-1.25,1.67,-0.18,,,25-12-1966,10-04-1966,Neutral,,,No,-0.78,0.07,0.06,27.07,300.22,7.6,W,7.6,-0.32,0.04,0.72,3,0.78,80,Ascending,0.0,1.5,-0.306
1,11,1966,N,-0.05,0.07,0.16,,,25-12-1966,10-04-1966,Neutral,,,No,-0.82,0.01,0.11,27.01,300.16,10.08,W,10.08,-0.35,0.08,0.31,5,1.2,80,Ascending,0.0,0.06,-0.306
1,12,1966,N,0.43,-0.58,1.24,1.5,,25-12-1966,10-04-1966,Neutral,,,No,-1.16,0.33,0.18,27.33,300.48,10.76,W,10.76,-0.25,0.12,0.4,7,1.62,80,Ascending,0.0,0.52,-0.305
1,1,1967,N,0.07,-0.09,0.99,,,25-12-1967,26-03-1967,Neutral,,,No,-0.89,-0.23,-0.41,26.77,299.92,9.09,W,9.09,-0.63,0.24,-0.67,2,1.47,117,Ascending,3.0,0.08,-0.304
1,2,1967,N,0.35,-0.46,1.01,,,25-12-1967,26-03-1967,Neutral,,,No,-0.6,-0.31,-0.51,26.69,299.84,8.89,W,8.89,-0.58,0.23,-0.22,4,0.99,117,Ascending,3.0,0.41,-0.304
1,3,1967,S,-0.85,1.14,-0.02,,0.74,25-12-1967,26-03-1967,Neutral,,,No,-1.47,-0.34,-0.07,26.66,299.81,10.18,W,10.18,-0.28,0.05,0.33,6,0.71,117,Ascending,3.0,1.03,-0.303
1,4,1967,N,-0.24,0.32,-0.4,,,25-12-1967,26-03-1967,Neutral,,,No,-1.02,-0.09,0.17,26.91,300.06,12.61,W,12.61,0.23,0.04,0.98,8,0.87,117,Ascending,3.0,0.29,-0.303
1,5,1967,S,-3.0,4.0,-0.75,,,25-12-1967,26-03-1967,Neutral,,,No,-0.96,0.19,0.51,27.19,300.34,14.2,W,14.2,0.45,-0.16,0.61,2,1.34,117,Ascending,3.0,3.6,-0.302
1,6,1967,N,0.0,0.0,-2.67,,,25-12-1967,26-03-1967,Neutral,,,No,-1.12,0.23,0.24,27.23,300.38,11.94,W,11.94,0.38,-0.3,-0.39,4,1.68,117,Ascending,3.0,0.0,-0.301
1,7,1967,N,0.0,0.0,-2.65,,,25-12-1967,26-03-1967,Neutral,,,No,-1.57,0.28,0.47,27.28,300.43,9.26,W,9.26,0.17,-0.27,-0.53,6,1.58,117,Ascending,3.0,0.0,-0.301
1,8,1967,N,0.0,0.0,-2.49,,,25-12-1967,26-03-1967,Neutral,,,No,-1.12,-0.22,0.01,26.78,299.93,8.67,W,8.67,-0.42,-0.25,-0.54,8,1.13,117,Ascending,3.0,0.0,-0.3
1,9,1967,N,-0.21,0.28,-0.8,,,25-12-1967,26-03-1967,Neutral,,,No,-1.51,-0.37,-0.14,26.63,299.78,10.05,W,10.05,-0.6,-0.15,0.35,2,0.74,117,Ascending,3.0,0.25,-0.3
1,10,1967,N,0.65,-0.87,-1.06,,,25-12-1967,26-03-1967,LaNina,EP,Weak,No,-1.53,-0.83,-0.83,26.17,299.32,9.78,W,9.78,-0.86,-0.18,0.8,4,0.78,117,Ascending,3.0,0.78,-0.299
1,11,1967,N,0.13,-0.17,-0.3,,,25-12-1967,26-03-1967,Neutral,,,No,-1.6,-0.27,-0.28,26.73,299.88,6.75,W,6.75,-0.52,-0.19,0.74,6,1.2,117,Ascending,3.0,0.15,-0.298
1,12,1967,N,-0.42,0.56,-0.2,0.32,,25-12-1967,26-03-1967,Neutral,,,No,-1.28,-0.42,-0.15,26.58,299.73,5.38,W,5.38,-0.7,-0.12,0.42,8,1.62,117,Ascending,3.0,0.5,-0.298
1,1,1968,S,-2.35,3.14,0.97,,,25-12-1968,14-04-1968,LaNina,EP,Weak,No,-1.43,-0.73,-0.47,26.27,299.42,3.67,W,3.67,-0.93,-0.05,-0.2,3,1.47,143,Peak,0.0,2.83,-0.297
1,2,1968,N,0.1,-0.13,0.91,,,25-12-1968,14-04-1968,Neutral,,,No,-1.68,-0.48,-0.26,26.52,299.67,3.88,W,3.88,-0.68,0.01,-0.01,5,0.99,143,Peak,0.0,0.12,-0.296
1,3,1968,N,0.49,-0.66,-0.34,,,25-12-1968,14-04-1968,LaNina,EP,Moderate,No,-1.59,-1.34,-0.91,25.66,298.81,4.15,W,4.15,-0.88,-0.12,0.3,7,0.71,143,Peak,0.0,0.59,-0.296
1,4,1968,N,0.65,-0.87,0.07,,0.09,25-12-1968,14-04-1968,LaNina,EP,Weak,No,-1.34,-0.75,-0.53,26.25,299.4,-1.67,E,-1.67,-0.16,-0.11,1.02,1,0.87,143,Peak,0.0,0.78,-0.295
1,5,1968,N,0.55,-0.74,-0.65,,,25-12-1968,14-04-1968,Neutral,,,No,-1.97,-0.38,-0.21,26.62,299.77,-6.05,E,-6.05,0.11,-0.28,0.27,3,1.34,143,Peak,0.0,0.67,-0.295
1,6,1968,N,0.0,0.0,-2.5,,,25-12-1968,14-04-1968,Neutral,,,No,-1.69,-0.12,-0.43,26.88,300.03,-10.48,E,-10.48,0.17,-0.45,-0.62,5,1.68,143,Peak,0.0,0.0,-0.294
1,7,1968,N,0.0,0.0,-2.79,,,25-12-1968,14-04-1968,Neutral,,,No,-1.08,0.09,-0.23,27.09,300.24,-14.33,E,-14.33,0.05,-0.46,-1.35,7,1.58,143,Peak,0.0,0.0,-0.293
1,8,1968,N,0.0,0.0,-2.43,,,25-12-1968,14-04-1968,Neutral,,,No,-0.18,0.45,-0.29,27.45,300.6,-15.3,E,-15.3,-0.02,-0.37,-1.06,1,1.13,143,Peak,0.0,0.0,-0.293
1,9,1968,N,-0.55,0.73,-0.61,,,25-12-1968,14-04-1968,Neutral,,,No,0.1,0.37,-0.23,27.37,300.52,-15.21,E,-15.21,-0.15,-0.25,-0.67,3,0.74,143,Peak,0.0,0.66,-0.292
1,10,1968,N,0.46,-0.62,-0.35,,,25-12-1968,14-04-1968,ElNino,CP,Weak,No,-0.3,0.86,0.43,27.86,301.01,-15.04,E,-15.04,0.15,-0.11,-0.08,5,0.78,143,Peak,0.0,0.56,-0.292
1,11,1968,N,0.59,-0.79,0.55,,,25-12-1968,14-04-1968,ElNino,CP,Moderate,No,-0.54,1.06,0.55,28.06,301.21,-15.21,E,-15.21,0.28,-0.15,0.22,7,1.2,143,Peak,0.0,0.71,-0.291
1,12,1968,N,0.43,-0.58,0.65,0.98,,25-12-1968,14-04-1968,ElNino,CP,Moderate,Yes,-0.78,1.43,1.05,28.43,301.58,-17.49,E,-17.49,0.41,-0.17,0.12,1,1.62,143,Peak,0.0,0.52,-0.29
1,1,1969,N,0.49,-0.66,2.48,,,25-12-1969,06-04-1969,ElNino,CP,Strong,Yes,-0.88,1.71,1.45,28.71,301.86,-20.56,E,-20.56,0.53,0.06,-0.3,4,1.47,149,Peak,0.0,0.59,-0.29
1,2,1969,N,0.04,-0.05,2.37,,,25-12-1969,06-04-1969,ElNino,CP,Moderate,Yes,-1.47,1.38,1.44,28.38,301.53,-20.85,E,-20.85,0.44,0.15,-0.27,6,0.99,149,Peak,0.0,0.05,-0.289
1,3,1969,N,0.71,-0.95,1.36,,,25-12-1969,06-04-1969,ElNino,CP,Weak,Yes,-0.7,0.71,0.42,27.71,300.86,-18.8,E,-18.8,0.35,0.12,0.12,8,0.71,149,Peak,0.0,0.85,-0.288
1,4,1969,N,-0.24,0.32,-0.02,,-0.03,25-12-1969,06-04-1969,Neutral,,,No,0.29,0.36,0.32,27.36,300.51,-10.4,E,-10.4,0.5,0.12,0.32,2,0.87,149,Peak,0.0,0.29,-0.288
1,5,1969,N,-0.67,0.89,-0.39,,,25-12-1969,06-04-1969,ElNino,EP,Weak,No,0.74,0.71,0.39,27.71,300.86,1.98,W,1.98,0.76,-0.06,0.32,4,1.34,149,Peak,0.0,0.8,-0.287
1,6,1969,N,0.0,0.0,-2.33,,,25-12-1969,06-04-1969,ElNino,EP,Weak,No,0.72,0.66,0.41,27.66,300.81,6.78,W,6.78,0.64,-0.2,-0.93,6,1.68,149,Peak,0.0,0.0,-0.287
1,7,1969,N,0.0,0.0,-2.72,,,25-12-1969,06-04-1969,Neutral,,,No,-0.27,0.18,0.08,27.18,300.33,6.92,W,6.92,0.11,-0.31,-1.27,8,1.58,149,Peak,0.0,0.0,-0.286
1,8,1969,N,0.0,0.0,-2.31,,,25-12-1969,06-04-1969,Neutral,,,No,-0.04,0.03,0.03,27.03,300.18,6.77,W,6.77,-0.27,-0.45,-1.52,2,1.13,149,Peak,0.0,0.0,-0.285
1,9,1969,S,-3.0,4.0,-1.05,,,25-12-1969,06-04-1969,Neutral,,,No,0.06,-0.27,0.03,26.73,299.88,7.99,W,7.99,-0.54,-0.31,-0.75,4,0.74,149,Peak,0.0,3.6,-0.285
1,10,1969,S,-0.98,1.3,-0.5,,,25-12-1969,06-04-1969,Neutral,,,No,0.5,-0.01,-0.07,26.99,300.14,9.57,W,9.57,-0.37,-0.29,0.24,6,0.78,149,Peak,0.0,1.17,-0.284
1,11,1969,N,-0.08,0.11,-0.7,,,25-12-1969,06-04-1969,Neutral,,,No,0.35,0.3,0.22,27.3,300.45,10.53,W,10.53,-0.18,-0.23,0.34,8,1.2,149,Peak,0.0,0.1,-0.284
1,12,1969,N,0.46,-0.62,0.98,1.25,,25-12-1969,06-04-1969,Neutral,,,No,0.37,0.06,0.02,27.06,300.21,9.45,W,9.45,-0.42,-0.06,-0.51,2,1.62,149,Peak,0.0,0.56,-0.283
1,1,1970,D,0.83,-1.11,1.26,,,25-12-1970,29-03-1970,Neutral,,,No,-0.06,0.06,0.02,27.06,300.21,8.42,W,8.42,-0.46,0.06,-0.69,5,1.47,132,Peak,3.0,1.0,-0.282
1,2,1970,N,-0.46,0.61,0.7,,,25-12-1970,29-03-1970,Neutral,,,No,-0.8,-0.19,-0.12,26.81,299.96,8.02,W,8.02,-0.51,-0.02,-0.31,7,0.99,132,Peak,3.0,0.55,-0.282
1,3,1970,N,0.04,-0.05,0.75,,0.8,25-12-1970,29-03-1970,LaNina,EP,Weak,No,-1.03,-0.51,-0.21,26.49,299.64,6.42,W,6.42,-0.39,-0.01,-0.33,1,0.71,132,Peak,3.0,0.05,-0.281
1,4,1970,N,-0.33,0.44,-0.15,,,25-12-1970,29-03-1970,Neutral,,,No,-0.46,-0.4,-0.15,26.6,299.75,4.45,W,4.45,0.05,0.04,0.64,3,0.87,132,Peak,3.0,0.4,-0.28
1,5,1970,N,-0.21,0.28,-0.58,,,25-12-1970,29-03-1970,Neutral,,,No,-1.07,-0.21,-0.2,26.79,299.94,0.13,W,0.13,0.21,-0.12,0.17,5,1.34,132,Peak,3.0,0.25,-0.28
1,6,1970,N,0.0,0.0,-2.32,,,25-12-1970,29-03-1970,LaNina,EP,Weak,No,-1.88,-0.52,-0.28,26.48,299.63,-8.59,E,-8.59,-0.07,-0.36,-1.35,7,1.68,132,Peak,3.0,0.0,-0.279
1,7,1970,N,0.0,0.0,-2.62,,,25-12-1970,29-03-1970,LaNina,EP,Moderate,No,-2.16,-1.25,-0.65,25.75,298.9,-13.08,E,-13.08,-0.75,-0.55,-1.6,1,1.58,132,Peak,3.0,0.0,-0.279
1,8,1970,N,0.0,0.0,-2.56,,,25-12-1970,29-03-1970,LaNina,EP,Moderate,No,-1.72,-1.11,-0.62,25.89,299.04,-16.81,E,-16.81,-0.96,-0.39,-1.0,3,1.13,132,Peak,3.0,0.0,-0.278
1,9,1970,D,1.14,-1.52,-1.23,,,25-12-1970,29-03-1970,LaNina,EP,Moderate,No,-1.2,-1.31,-0.99,25.69,298.84,-17.77,E,-17.77,-1.16,-0.31,-0.97,5,0.74,132,Peak,3.0,1.37,-0.277
1,10,1970,D,1.02,-1.36,-0.7,,,25-12-1970,29-03-1970,LaNina,EP,Moderate,No,-0.82,-1.17,-0.81,25.83,298.98,-19.11,E,-19.11,-1.06,-0.29,-1.05,7,0.78,132,Peak,3.0,1.22,-0.277
1,11,1970,D,1.45,-1.93,-0.08,,,25-12-1970,29-03-1970,LaNina,CP,Strong,No,-1.0,-1.61,-1.22,25.39,298.54,-18.89,E,-18.89,-1.32,-0.22,-0.9,1,1.2,132,Peak,3.0,1.74,-0.276
1,12,1970,N,0.71,-0.95,0.4,0.77,,25-12-1970,29-03-1970,LaNina,EP,Strong,No,-1.37,-1.69,-1.36,25.31,298.46,-21.42,E,-21.42,-1.47,-0.17,-0.53,3,1.62,132,Peak,3.0,0.85,-0.276
1,1,1971,D,1.02,-1.36,0.62,,,25-12-1971,11-04-1971,LaNina,EP,Moderate,No,-1.42,-1.48,-1.13,25.52,298.67,-21.37,E,-21.37,-1.38,-0.09,-0.45,6,1.47,99,Descending,0.0,1.22,-0.275
1,2,1971,D,0.77,-1.03,1.56,,,25-12-1971,11-04-1971,LaNina,CP,Strong,No,-1.25,-1.64,-1.25,25.36,298.51,-20.22,E,-20.22,-1.38,-0.22,-0.19,8,0.99,99,Descending,0.0,0.93,-0.274
1,3,1971,N,0.65,-0.87,1.09,,,25-12-1971,11-04-1971,LaNina,CP,Strong,No,-1.29,-1.89,-1.54,25.11,298.26,-17.17,E,-17.17,-1.21,-0.22,0.38,2,0.71,99,Descending,0.0,0.78,-0.274
1,4,1971,S,-1.5,2.0,0.29,,0.14,25-12-1971,11-04-1971,LaNina,CP,Moderate,No,-0.7,-1.28,-1.28,25.72,298.87,-10.05,E,-10.05,-0.48,-0.25,0.93,4,0.87,99,Descending,0.0,1.8,-0.273
1,5,1971,N,0.07,-0.09,-0.36,,,25-12-1971,11-04-1971,LaNina,EP,Moderate,No,-1.32,-1.15,-1.29,25.85,299.0,0.17,W,0.17,-0.36,-0.33,0.65,6,1.34,99,Descending,0.0,0.08,-0.272
1,6,1971,N,0.0,0.0,-2.65,,,25-12-1971,11-04-1971,LaNina,CP,Moderate,No,-0.96,-1.28,-1.28,25.72,298.87,6.38,W,6.38,-0.52,-0.44,-0.59,8,1.68,99,Descending,0.0,0.0,-0.272
1,7,1971,N,0.0,0.0,-2.55,,,25-12-1971,11-04-1971,LaNina,CP,Weak,No,-0.62,-0.57,-0.62,26.43,299.58,6.09,W,6.09,-0.34,-0.51,-1.15,2,1.58,99,Descending,0.0,0.0,-0.271
1,8,1971,N,0.0,0.0,-2.67,,,25-12-1971,11-04-1971,LaNina,CP,Weak,No,-0.71,-0.56,-0.78,26.44,299.59,4.67,W,4.67,-0.63,-0.59,-0.98,4,1.13,99,Descending,0.0,0.0,-0.271
1,9,1971,S,-3.0,4.0,-1.02,,,25-12-1971,11-04-1971,LaNina,CP,Moderate,No,-0.56,-1.13,-1.4,25.87,299.02,6.46,W,6.46,-1.05,-0.5,-0.41,6,0.74,99,Descending,0.0,3.6,-0.27
1,10,1971,N,0.32,-0.42,-0.81,,,25-12-1971,11-04-1971,LaNina,CP,Moderate,No,-0.73,-1.14,-1.12,25.86,299.01,9.55,W,9.55,-1.05,-0.32,-0.83,8,0.78,99,Descending,0.0,0.38,-0.269
1,11,1971,D,0.8,-1.07,-0.58,,,25-12-1971,11-04-1971,LaNina,CP,Moderate,No,-0.65,-1.21,-0.96,25.79,298.94,11.33,W,11.33,-1.08,-0.34,-0.38,2,1.2,99,Descending,0.0,0.96,-0.269
1,12,1971,N,-0.61,0.81,-0.07,0.49,,25-12-1971,11-04-1971,LaNina,EP,Moderate,No,-0.78,-1.17,-0.76,25.83,298.98,11.44,W,11.44,-1.15,-0.28,-0.0,4,1.62,99,Descending,0.0,0.73,-0.268
1,1,1972,S,-0.98,1.3,2.37,,,25-12-1972,02-04-1972,LaNina,CP,Weak,No,-0.08,-0.82,-0.43,26.18,299.33,12.57,W,12.57,-0.99,-0.2,-0.07,7,1.47,60,Descending,0.0,1.17,-0.268
1,2,1972,S,-1.4,1.87,1.43,,,25-12-1972,02-04-1972,Neutral,,,No,0.29,-0.3,-0.34,26.7,299.85,12.38,W,12.38,-0.57,-0.28,0.06,1,0.99,60,Descending,0.0,1.68,-0.267
1,3,1972,S,-1.62,2.16,0.9,,,25-12-1972,02-04-1972,Neutral,,,No,0.54,-0.41,-0.49,26.59,299.74,12.47,W,12.47,-0.33,-0.33,0.6,3,0.71,60,Descending,0.0,1.94,-0.266
1,4,1972,N,-0.24,0.32,-0.15,,-0.15,25-12-1972,02-04-1972,Neutral,,,No,1.06,0.16,0.09,27.16,300.31,14.05,W,14.05,0.38,-0.19,1.01,5,0.87,60,Descending,0.0,0.29,-0.266
1,5,1972,S,-1.25,1.67,-0.38,,,25-12-1972,02-04-1972,ElNino,EP,Weak,No,0.69,0.57,0.26,27.57,300.72,9.63,W,9.63,0.68,-0.37,0.99,7,1.34,60,Descending,0.0,1.5,-0.265
1,6,1972,N,0.0,0.0,-2.4,,,25-12-1972,02-04-1972,ElNino,EP,Weak,No,1.64,0.83,0.08,27.83,300.98,-1.69,E,-1.69,0.74,-0.45,0.4,1,1.68,60,Descending,0.0,0.0,-0.264
1,7,1972,N,0.0,0.0,-2.29,,,25-12-1972,02-04-1972,ElNino,EP,Strong,No,1.52,1.51,0.46,28.51,301.66,-9.89,E,-9.89,0.9,-0.51,-0.32,3,1.58,60,Descending,0.0,0.0,-0.264
1,8,1972,N,0.0,0.0,-2.33,,,25-12-1972,02-04-1972,ElNino,EP,Strong,No,1.95,2.01,0.59,29.01,302.16,-14.15,E,-14.15,0.92,-0.7,-0.21,5,1.13,60,Descending,0.0,0.0,-0.263
1,9,1972,S,-3.0,4.0,-0.63,,,25-12-1972,02-04-1972,ElNino,EP,Strong,No,1.42,1.73,0.6,28.73,301.88,-17.27,E,-17.27,0.66,-0.58,0.31,7,0.74,60,Descending,0.0,3.6,-0.263
1,10,1972,S,-3.0,4.0,-0.47,,,25-12-1972,02-04-1972,ElNino,EP,Strong,No,1.74,1.78,0.99,28.78,301.93,-19.52,E,-19.52,0.71,-0.44,0.87,1,0.78,60,Descending,0.0,3.6,-0.262
1,11,1972,N,0.35,-0.46,-0.59,,,25-12-1972,02-04-1972,ElNino,EP,Strong,No,1.43,1.73,0.86,28.73,301.88,-21.49,E,-21.49,0.68,-0.43,0.63,3,1.2,60,Descending,0.0,0.41,-0.261
1,12,1972,S,-1.01,1.34,0.04,0.62,,25-12-1972,02-04-1972,ElNino,EP,Strong,No,1.97,1.82,0.88,28.82,301.97,-21.79,E,-21.79,0.64,-0.39,0.06,5,1.62,60,Descending,0.0,1.21,-0.261
1,1,1973,N,-0.05,0.07,1.36,,,25-12-1973,22-04-1973,ElNino,EP,Strong,No,1.31,1.8,0.65,28.8,301.95,-18.66,E,-18.66,0.59,-0.23,-0.52,8,1.47,27,Minimum,-3.0,0.06,-0.26
1,2,1973,S,-1.93,2.57,0.48,,,25-12-1973,22-04-1973,ElNino,CP,Moderate,No,0.24,1.33,0.66,28.33,301.48,-13.24,E,-13.24,0.41,-0.2,-0.68,2,0.99,27,Minimum,-3.0,2.31,-0.259
1,3,1973,N,0.1,-0.13,0.49,,,25-12-1973,22-04-1973,ElNino,CP,Weak,No,-0.64,0.77,0.36,27.77,300.92,-4.52,E,-4.52,0.38,-0.11,-0.34,4,0.71,27,Minimum,-3.0,0.12,-0.259
1,4,1973,N,0.01,-0.01,-0.19,,-0.82,25-12-1973,22-04-1973,Neutral,,,No,-0.93,-0.2,-0.26,26.8,299.95,2.67,W,2.67,0.17,-0.09,-0.18,6,0.87,27,Minimum,-3.0,0.01,-0.258
1,5,1973,N,-0.61,0.81,-0.79,,,25-12-1973,22-04-1973,Neutral,,,No,-0.89,0.01,-0.03,27.01,300.16,8.37,W,8.37,0.34,-0.1,-0.27,8,1.34,27,Minimum,-3.0,0.73,-0.258
1,6,1973,N,0.0,0.0,-2.46,,,25-12-1973,22-04-1973,LaNina,EP,Weak,No,-1.13,-0.73,-1.0,26.27,299.42,10.98,W,10.98,-0.19,-0.19,-1.22,2,1.68,27,Minimum,-3.0,0.0,-0.257
1,7,1973,N,0.0,0.0,-2.66,,,25-12-1973,22-04-1973,LaNina,EP,Weak,No,-1.56,-0.55,-0.44,26.45,299.6,9.66,W,9.66,-0.33,-0.25,-1.72,4,1.58,27,Minimum,-3.0,0.0,-0.256
1,8,1973,N,0.0,0.0,-2.66,,,25-12-1973,22-04-1973,LaNina,EP,Moderate,No,-1.79,-1.1,-1.12,25.9,299.05,8.68,W,8.68,-0.95,-0.42,-1.61,6,1.13,27,Minimum,-3.0,0.0,-0.256
1,9,1973,D,1.02,-1.36,-0.63,,,25-12-1973,22-04-1973,LaNina,CP,Moderate,No,-1.31,-1.49,-1.59,25.51,298.66,9.53,W,9.53,-1.27,-0.26,-1.18,8,0.74,27,Minimum,-3.0,1.22,-0.255
1,10,1973,D,1.05,-1.4,-0.54,,,25-12-1973,22-04-1973,LaNina,CP,Moderate,No,-0.83,-1.46,-1.31,25.54,298.69,10.67,W,10.67,-1.24,-0.32,-0.69,2,0.78,27,Minimum,-3.0,1.26,-0.255
1,11,1973,D,1.11,-1.48,-0.77,,,25-12-1973,22-04-1973,LaNina,CP,Strong,No,-1.45,-1.76,-1.53,25.24,298.39,10.2,W,10.2,-1.41,-0.38,-0.41,4,1.2,27,Minimum,-3.0,1.33,-0.254
1,12,1973,D,1.39,-1.85,-0.34,0.07,,25-12-1973,22-04-1973,LaNina,CP,Strong,No,-1.18,-1.89,-1.85,25.11,298.26,9.08,W,9.08,-1.59,-0.24,-0.48,6,1.62,27,Minimum,-3.0,1.67,-0.253
1,1,1974,N,0.04,-0.05,1.4,,,25-12-1974,14-04-1974,LaNina,CP,Strong,No,-1.32,-2.07,-1.66,24.93,298.08,8.93,W,8.93,-1.74,-0.18,-0.32,1,1.47,10,Minimum,0.0,0.05,-0.253
1,2,1974,N,0.59,-0.79,1.15,,,25-12-1974,14-04-1974,LaNina,CP,Strong,No,-1.1,-1.63,-1.24,25.37,298.52,9.63,W,9.63,-1.37,-0.18,0.08,3,0.99,10,Minimum,0.0,0.71,-0.252
1,3,1974,D,0.93,-1.24,1.07,,,25-12-1974,14-04-1974,LaNina,CP,Strong,No,-1.0,-1.52,-1.22,25.48,298.63,8.6,W,8.6,-0.99,-0.3,0.54,5,0.71,10,Minimum,0.0,1.12,-0.251
1,4,1974,N,0.13,-0.17,-0.05,,-0.04,25-12-1974,14-04-1974,LaNina,CP,Moderate,No,0.07,-1.11,-1.2,25.89,299.04,9.74,W,9.74,-0.38,-0.42,0.65,7,0.87,10,Minimum,0.0,0.15,-0.251
1,5,1974,N,-0.58,0.77,-0.72,,,25-12-1974,14-04-1974,LaNina,CP,Weak,No,-0.28,-0.77,-1.06,26.23,299.38,4.9,W,4.9,-0.13,-0.51,0.17,1,1.34,10,Minimum,0.0,0.69,-0.25
1,6,1974,N,0.0,0.0,-2.51,,,25-12-1974,14-04-1974,LaNina,CP,Weak,No,-0.32,-0.58,-0.95,26.42,299.57,-2.83,E,-2.83,-0.1,-0.6,-0.87,3,1.68,10,Minimum,0.0,0.0,-0.25
1,7,1974,N,0.0,0.0,-2.75,,,25-12-1974,14-04-1974,LaNina,CP,Weak,No,-0.49,-0.65,-0.79,26.35,299.5,-7.62,E,-7.62,-0.39,-0.69,-1.1,5,1.58,10,Minimum,0.0,0.0,-0.249
1,8,1974,N,0.0,0.0,-2.59,,,25-12-1974,14-04-1974,Neutral,,,No,-0.17,-0.06,-0.45,26.94,300.09,-10.51,E,-10.51,-0.33,-0.67,-1.1,7,1.13,10,Minimum,0.0,0.0,-0.248
1,9,1974,S,-2.14,2.85,-1.0,,,25-12-1974,14-04-1974,Neutral,,,No,-0.55,-0.29,-0.99,26.71,299.86,-12.32,E,-12.32,-0.55,-0.68,-1.16,1,0.74,10,Minimum,0.0,2.56,-0.248
1,10,1974,N,-0.46,0.61,-0.45,,,25-12-1974,14-04-1974,LaNina,CP,Weak,No,-0.94,-0.98,-1.29,26.02,299.17,-13.67,E,-13.67,-0.95,-0.62,-0.48,3,0.78,10,Minimum,0.0,0.55,-0.247
1,11,1974,D,1.2,-1.6,0.18,,,25-12-1974,14-04-1974,LaNina,CP,Weak,No,-0.98,-0.95,-1.39,26.05,299.2,-12.97,E,-12.97,-0.93,-0.49,-0.59,5,1.2,10,Minimum,0.0,1.44,-0.247
1,12,1974,D,1.08,-1.44,-0.22,0.2,,25-12-1974,14-04-1974,LaNina,EP,Moderate,No,-1.62,-1.02,-1.23,25.98,299.13,-13.87,E,-13.87,-1.06,-0.33,-0.46,7,1.62,10,Minimum,0.0,1.3,-0.246
1,1,1975,D,1.14,-1.52,0.2,,,25-12-1975,30-03-1975,LaNina,CP,Weak,No,-1.04,-0.7,-1.04,26.3,299.45,-14.57,E,-14.57,-0.91,-0.18,-1.11,2,1.47,16,Minimum,3.0,1.37,-0.245
1,2,1975,N,0.22,-0.29,0.68,,,25-12-1975,30-03-1975,Neutral,,,No,-1.36,-0.35,-0.84,26.65,299.8,-15.78,E,-15.78,-0.6,-0.17,-0.59,4,0.99,16,Minimum,3.0,0.26,-0.245
1,3,1975,D,0.93,-1.24,0.37,,0.73,25-12-1975,30-03-1975,LaNina,CP,Weak,No,-0.78,-0.58,-1.14,26.42,299.57,-16.67,E,-16.67,-0.43,-0.19,-0.66,6,0.71,16,Minimum,3.0,1.12,-0.244
1,4,1975,N,0.41,-0.54,-0.52,,,25-12-1975,30-03-1975,LaNina,CP,Weak,No,-0.22,-0.73,-1.11,26.27,299.42,-16.2,E,-16.2,-0.15,-0.24,0.42,8,0.87,16,Minimum,3.0,0.49,-0.243
1,5,1975,N,-0.27,0.36,-0.56,,,25-12-1975,30-03-1975,LaNina,CP,Moderate,No,-1.2,-1.12,-1.38,25.88,299.03,-12.32,E,-12.32,-0.34,-0.26,0.07,2,1.34,16,Minimum,3.0,0.32,-0.243
1,6,1975,N,0.0,0.0,-2.42,,,25-12-1975,30-03-1975,LaNina,CP,Moderate,No,-0.93,-1.1,-1.23,25.9,299.05,-4.88,E,-4.88,-0.42,-0.41,-0.81,4,1.68,16,Minimum,3.0,0.0,-0.242
1,7,1975,N,0.0,0.0,-2.62,,,25-12-1975,30-03-1975,LaNina,CP,Weak,No,-0.69,-0.99,-1.37,26.01,299.16,1.22,W,1.22,-0.6,-0.32,-0.93,6,1.58,16,Minimum,3.0,0.0,-0.242
1,8,1975,N,0.0,0.0,-2.58,,,25-12-1975,30-03-1975,LaNina,CP,Weak,No,-1.0,-0.96,-1.49,26.04,299.19,4.99,W,4.99,-0.87,-0.26,-1.3,8,1.13,16,Minimum,3.0,0.0,-0.241
1,9,1975,S,-3.0,4.0,-1.37,,,25-12-1975,30-03-1975,LaNina,CP,Strong,No,-0.99,-1.51,-1.85,25.49,298.64,7.05,W,7.05,-1.28,-0.39,-1.07,2,0.74,16,Minimum,3.0,3.6,-0.24
1,10,1975,N,0.26,-0.34,-0.21,,,25-12-1975,30-03-1975,LaNina,CP,Strong,No,-0.82,-1.89,-2.06,25.11,298.26,9.36,W,9.36,-1.5,-0.45,-1.09,4,0.78,16,Minimum,3.0,0.31,-0.24
1,11,1975,N,-0.52,0.69,0.23,,,25-12-1975,30-03-1975,LaNina,CP,Strong,No,-1.37,-1.59,-2.04,25.41,298.56,10.75,W,10.75,-1.31,-0.32,-0.87,6,1.2,16,Minimum,3.0,0.62,-0.239
1,12,1975,D,0.89,-1.19,-0.61,-0.11,,25-12-1975,30-03-1975,LaNina,CP,Strong,No,-1.28,-1.75,-1.92,25.25,298.4,9.23,W,9.23,-1.5,-0.29,-0.23,8,1.62,16,Minimum,3.0,1.07,-0.239
1,1,1976,N,0.32,-0.42,0.45,,,25-12-1976,18-04-1976,LaNina,CP,Strong,No,-1.17,-2.03,-1.86,24.97,298.12,9.25,W,9.25,-1.71,-0.29,-0.57,3,1.47,42,Descending,-3.0,0.38,-0.238
1,2,1976,N,0.26,-0.34,1.49,,,25-12-1976,18-04-1976,LaNina,CP,Moderate,No,-0.48,-1.41,-1.36,25.59,298.74,9.58,W,9.58,-1.24,-0.32,-0.13,5,0.99,42,Descending,-3.0,0.31,-0.237
1,3,1976,N,-0.33,0.44,1.23,,,25-12-1976,18-04-1976,LaNina,CP,Moderate,No,-0.61,-1.23,-1.18,25.77,298.92,10.38,W,10.38,-0.82,-0.37,0.25,7,0.71,42,Descending,-3.0,0.4,-0.237
1,4,1976,N,-0.42,0.56,-0.1,,-0.71,25-12-1976,18-04-1976,LaNina,CP,Weak,No,-0.29,-0.89,-0.93,26.11,299.26,12.29,W,12.29,-0.25,-0.31,0.59,1,0.87,42,Descending,-3.0,0.5,-0.236
1,5,1976,N,0.01,-0.01,-0.6,,,25-12-1976,18-04-1976,Neutral,,,No,0.39,-0.36,-0.87,26.64,299.79,14.0,W,14.0,0.12,-0.38,0.45,3,1.34,42,Descending,-3.0,0.01,-0.235
1,6,1976,N,0.0,0.0,-2.78,,,25-12-1976,18-04-1976,Neutral,,,No,0.84,0.05,-0.73,27.05,300.2,12.0,W,12.0,0.27,-0.42,-0.24,5,1.68,42,Descending,-3.0,0.0,-0.235
1,7,1976,N,0.0,0.0,-2.69,,,25-12-1976,18-04-1976,Neutral,,,No,0.87,0.28,-0.66,27.28,300.43,9.17,W,9.17,0.17,-0.34,-0.67,7,1.58,42,Descending,-3.0,0.0,-0.234
1,8,1976,N,0.0,0.0,-2.61,,,25-12-1976,18-04-1976,Neutral,,,No,1.01,0.29,-0.62,27.29,300.44,7.37,W,7.37,-0.12,-0.36,-0.41,1,1.13,42,Descending,-3.0,0.0,-0.234
1,9,1976,N,0.35,-0.46,-0.87,,,25-12-1976,18-04-1976,ElNino,EP,Weak,No,1.3,0.54,-0.37,27.54,300.69,4.8,W,4.8,-0.05,-0.33,0.08,3,0.74,42,Descending,-3.0,0.41,-0.233
1,10,1976,S,-0.83,1.1,0.71,,,25-12-1976,18-04-1976,Neutral,,,No,0.42,0.3,-0.31,27.3,300.45,3.06,W,3.06,-0.18,-0.42,0.27,5,0.78,42,Descending,-3.0,0.99,-0.232
1,11,1976,D,0.89,-1.19,0.19,,,25-12-1976,18-04-1976,Neutral,,,No,0.39,0.27,-0.29,27.27,300.42,-0.76,E,-0.76,-0.19,-0.54,-0.37,7,1.2,42,Descending,-3.0,1.07,-0.232
1,12,1976,N,0.32,-0.42,0.48,0.84,,25-12-1976,18-04-1976,Neutral,,,No,0.57,0.19,-0.31,27.19,300.34,-2.72,E,-2.72,-0.34,-0.44,-0.4,1,1.62,42,Descending,-3.0,0.38,-0.231
1,1,1977,D,1.17,-1.56,1.61,,,25-12-1977,10-04-1977,Neutral,,,No,0.32,0.4,0.01,27.4,300.55,-4.84,E,-4.84,-0.25,-0.34,-0.67,4,1.47,80,Ascending,0.0,1.4,-0.231
1,2,1977,N,0.55,-0.74,1.07,,,25-12-1977,10-04-1977,Neutral,,,No,-0.05,0.18,-0.24,27.18,300.33,-4.38,E,-4.38,-0.28,-0.22,-0.46,6,0.99,80,Ascending,0.0,0.67,-0.23
1,3,1977,D,1.14,-1.52,0.34,,,25-12-1977,10-04-1977,Neutral,,,No,0.25,-0.3,-0.47,26.7,299.85,-6.8,E,-6.8,-0.26,-0.13,0.31,8,0.71,80,Ascending,0.0,1.37,-0.229
1,4,1977,S,-0.79,1.05,-0.35,,-0.26,25-12-1977,10-04-1977,LaNina,CP,Weak,No,-0.14,-0.66,-0.18,26.34,299.49,-7.93,E,-7.93,-0.11,-0.07,0.44,2,0.87,80,Ascending,0.0,0.95,-0.229
1,5,1977,N,-0.3,0.4,-0.89,,,25-12-1977,10-04-1977,Neutral,,,No,-0.53,-0.35,-0.32,26.65,299.8,-11.45,E,-11.45,0.12,-0.11,0.13,4,1.34,80,Ascending,0.0,0.36,-0.228
1,6,1977,N,0.0,0.0,-2.55,,,25-12-1977,10-04-1977,Neutral,,,No,-0.31,-0.11,-0.04,26.89,300.04,-15.63,E,-15.63,0.18,-0.17,-0.64,6,1.68,80,Ascending,0.0,0.0,-0.227
1,7,1977,N,0.0,0.0,-2.57,,,25-12-1977,10-04-1977,Neutral,,,No,-0.36,-0.12,0.08,26.88,300.03,-18.15,E,-18.15,-0.07,-0.17,-1.1,8,1.58,80,Ascending,0.0,0.0,-0.227
1,8,1977,N,0.0,0.0,-2.48,,,25-12-1977,10-04-1977,Neutral,,,No,-1.03,-0.27,-0.23,26.73,299.88,-20.56,E,-20.56,-0.45,-0.32,-0.37,2,1.13,80,Ascending,0.0,0.0,-0.226
1,9,1977,S,-2.39,3.18,-1.07,,,25-12-1977,10-04-1977,Neutral,,,No,-0.69,0.07,0.13,27.07,300.22,-20.91,E,-20.91,-0.33,-0.37,-0.25,4,0.74,80,Ascending,0.0,2.86,-0.226
1,10,1977,N,0.55,-0.74,-0.43,,,25-12-1977,10-04-1977,Neutral,,,No,-0.07,0.07,0.03,27.07,300.22,-18.73,E,-18.73,-0.32,-0.38,0.59,6,0.78,80,Ascending,0.0,0.67,-0.225
1,11,1977,N,0.74,-0.99,-0.57,,,25-12-1977,10-04-1977,ElNino,CP,Weak,No,-0.06,0.6,0.16,27.6,300.75,-16.29,E,-16.29,0.0,-0.27,0.05,8,1.2,80,Ascending,0.0,0.89,-0.224
1,12,1977,N,0.29,-0.38,0.34,0.76,,25-12-1977,10-04-1977,Neutral,,,No,-0.12,0.35,0.16,27.35,300.5,-8.25,E,-8.25,-0.24,-0.16,0.11,2,1.62,80,Ascending,0.0,0.34,-0.224
1,1,1978,N,0.41,-0.54,0.74,,,25-12-1978,26-03-1978,ElNino,CP,Weak,No,-0.19,0.52,0.51,27.52,300.67,-1.25,E,-1.25,-0.18,-0.07,-1.0,5,1.47,117,Ascending,3.0,0.49,-0.223
1,2,1978,N,0.1,-0.13,1.4,,,25-12-1978,26-03-1978,ElNino,CP,Weak,No,-0.53,0.56,0.3,27.56,300.71,0.14,W,0.14,-0.06,-0.04,-0.72,7,0.99,117,Ascending,3.0,0.12,-0.223
1,3,1978,N,-0.3,0.4,0.17,,0.7,25-12-1978,26-03-1978,Neutral,,,No,-1.37,-0.23,-0.42,26.77,299.92,3.62,W,3.62,-0.22,-0.07,-0.45,1,0.71,117,Ascending,3.0,0.36,-0.222
1,4,1978,N,0.04,-0.05,0.35,,,25-12-1978,26-03-1978,LaNina,EP,Weak,No,-0.91,-0.65,-0.61,26.35,299.5,7.2,W,7.2,-0.1,-0.12,0.01,3,0.87,117,Ascending,3.0,0.05,-0.221
1,5,1978,N,-0.39,0.52,-0.25,,,25-12-1978,26-03-1978,LaNina,EP,Weak,No,-1.04,-0.72,-0.62,26.28,299.43,10.88,W,10.88,-0.1,-0.19,-0.35,5,1.34,117,Ascending,3.0,0.47,-0.221
1,6,1978,N,0.0,0.0,-2.67,,,25-12-1978,26-03-1978,LaNina,EP,Weak,No,-0.88,-0.71,-0.38,26.29,299.44,11.67,W,11.67,-0.18,-0.38,-1.19,7,1.68,117,Ascending,3.0,0.0,-0.22
1,7,1978,N,0.0,0.0,-2.75,,,25-12-1978,26-03-1978,Neutral,,,No,-0.33,0.1,-0.14,27.1,300.25,11.1,W,11.1,0.06,-0.47,-1.3,1,1.58,117,Ascending,3.0,0.0,-0.219
1,8,1978,N,0.0,0.0,-2.53,,,25-12-1978,26-03-1978,Neutral,,,No,-1.08,-0.13,-0.41,26.87,300.02,11.33,W,11.33,-0.37,-0.4,-1.36,3,1.13,117,Ascending,3.0,0.0,-0.219
1,9,1978,N,-0.12,0.16,-1.24,,,25-12-1978,26-03-1978,LaNina,EP,Weak,No,-1.16,-0.51,-0.59,26.49,299.64,10.93,W,10.93,-0.68,-0.34,-0.54,5,0.74,117,Ascending,3.0,0.14,-0.218
1,10,1978,S,-0.79,1.05,-0.74,,,25-12-1978,26-03-1978,LaNina,CP,Weak,No,-0.56,-0.67,-0.61,26.33,299.48,12.06,W,12.06,-0.76,-0.37,-0.36,7,0.78,117,Ascending,3.0,0.95,-0.218
1,11,1978,S,-1.06,1.42,-0.62,,,25-12-1978,26-03-1978,LaNina,CP,Weak,No,0.03,-0.72,-0.47,26.28,299.43,11.49,W,11.49,-0.79,-0.17,-0.48,1,1.2,117,Ascending,3.0,1.28,-0.217
1,12,1978,N,-0.24,0.32,0.77,1.17,,25-12-1978,26-03-1978,Neutral,,,No,0.25,-0.36,-0.13,26.64,299.79,9.58,W,9.58,-0.67,-0.17,-0.64,3,1.62,117,Ascending,3.0,0.29,-0.216
1,1,1979,N,0.41,-0.54,1.43,,,25-12-1979,15-04-1979,Neutral,,,No,-0.17,-0.01,0.13,26.99,300.14,10.52,W,10.52,-0.5,-0.1,-0.28,6,1.47,143,Peak,0.0,0.49,-0.216
1,2,1979,N,0.16,-0.21,1.15,,,25-12-1979,15-04-1979,Neutral,,,No,-1.17,0.13,0.47,27.13,300.28,10.93,W,10.93,-0.31,-0.08,-0.77,8,0.99,143,Peak,0.0,0.19,-0.215
1,3,1979,N,0.04,-0.05,0.46,,,25-12-1979,15-04-1979,Neutral,,,No,-0.95,0.13,0.21,27.13,300.28,9.63,W,9.63,-0.0,-0.14,-0.3,2,0.71,143,Peak,0.0,0.05,-0.214
1,4,1979,S,-3.0,4.0,0.54,,0.33,25-12-1979,15-04-1979,Neutral,,,No,0.32,0.23,0.38,27.23,300.38,9.16,W,9.16,0.42,-0.1,0.25,4,0.87,143,Peak,0.0,3.6,-0.214
1,5,1979,S,-0.98,1.3,-0.77,,,25-12-1979,15-04-1979,Neutral,,,No,-0.08,0.18,0.06,27.18,300.33,8.18,W,8.18,0.44,-0.1,0.11,6,1.34,143,Peak,0.0,1.17,-0.213
1,6,1979,N,0.0,0.0,-2.27,,,25-12-1979,15-04-1979,Neutral,,,No,0.52,-0.23,-0.02,26.77,299.92,-0.09,E,-0.09,0.11,-0.01,-0.66,8,1.68,143,Peak,0.0,0.0,-0.213
1,7,1979,N,0.0,0.0,-2.78,,,25-12-1979,15-04-1979,Neutral,,,No,0.33,-0.37,-0.03,26.63,299.78,-8.93,E,-8.93,-0.22,-0.2,-1.41,2,1.58,143,Peak,0.0,0.0,-0.212
1,8,1979,N,0.0,0.0,-2.46,,,25-12-1979,15-04-1979,Neutral,,,No,0.55,0.14,-0.23,27.14,300.29,-11.89,E,-11.89,-0.21,-0.39,-1.26,4,1.13,143,Peak,0.0,0.0,-0.211
1,9,1979,S,-2.97,3.96,-1.36,,,25-12-1979,15-04-1979,Neutral,,,No,0.5,0.17,-0.41,27.17,300.32,-15.31,E,-15.31,-0.27,-0.24,-0.26,6,0.74,143,Peak,0.0,3.56,-0.211
1,10,1979,N,0.68,-0.91,-0.05,,,25-12-1979,15-04-1979,Neutral,,,No,0.33,-0.01,0.03,26.99,300.14,-15.33,E,-15.33,-0.37,-0.17,-0.33,8,0.78,143,Peak,0.0,0.82,-0.21
1,11,1979,D,0.93,-1.24,-0.01,,,25-12-1979,15-04-1979,Neutral,,,No,0.25,-0.03,-0.08,26.97,300.12,-16.62,E,-16.62,-0.37,-0.06,-0.12,2,1.2,143,Peak,0.0,1.12,-0.21
1,12,1979,N,0.43,-0.58,-0.17,0.29,,25-12-1979,15-04-1979,Neutral,,,No,0.44,0.31,0.2,27.31,300.46,-18.81,E,-18.81,-0.27,-0.0,-0.45,4,1.62,143,Peak,0.0,0.52,-0.209
1,1,1980,N,0.22,-0.29,1.3,,,25-12-1980,06-04-1980,ElNino,CP,Weak,No,0.04,0.57,0.44,27.57,300.72,-19.45,E,-19.45,-0.15,0.0,-0.75,7,1.47,149,Peak,0.0,0.26,-0.208
1,2,1980,N,0.65,-0.87,1.08,,,25-12-1980,06-04-1980,Neutral,,,No,-0.31,0.34,0.51,27.34,300.49,-18.56,E,-18.56,-0.19,0.02,-0.56,1,0.99,149,Peak,0.0,0.78,-0.208
1,3,1980,N,0.68,-0.91,1.49,,,25-12-1980,06-04-1980,Neutral,,,No,0.39,0.11,0.17,27.11,300.26,-16.72,E,-16.72,-0.01,-0.08,-0.73,3,0.71,149,Peak,0.0,0.82,-0.207
1,4,1980,N,0.71,-0.95,0.15,,-0.03,25-12-1980,06-04-1980,Neutral,,,No,0.41,0.12,0.07,27.12,300.27,-14.28,E,-14.28,0.36,0.14,0.33,5,0.87,149,Peak,0.0,0.85,-0.206
1,5,1980,N,0.52,-0.7,-0.54,,,25-12-1980,06-04-1980,Neutral,,,No,0.07,-0.04,-0.11,26.96,300.11,-4.86,E,-4.86,0.31,0.18,0.44,7,1.34,149,Peak,0.0,0.63,-0.206
1,6,1980,N,0.0,0.0,-2.55,,,25-12-1980,06-04-1980,Neutral,,,No,0.18,-0.09,-0.16,26.91,300.06,1.5,W,1.5,0.19,0.1,-0.81,1,1.68,149,Peak,0.0,0.0,-0.205
1,7,1980,N,0.0,0.0,-2.62,,,25-12-1980,06-04-1980,Neutral,,,No,-0.25,-0.48,-0.34,26.52,299.67,3.26,W,3.26,-0.29,-0.11,-1.45,3,1.58,149,Peak,0.0,0.0,-0.205
1,8,1980,N,0.0,0.0,-2.49,,,25-12-1980,06-04-1980,LaNina,CP,Weak,No,-0.24,-0.53,-0.33,26.47,299.62,4.89,W,4.89,-0.61,-0.2,-0.85,5,1.13,149,Peak,0.0,0.0,-0.204
1,9,1980,S,-3.0,4.0,-1.1,,,25-12-1980,06-04-1980,Neutral,,,No,-0.33,-0.21,-0.26,26.79,299.94,7.67,W,7.67,-0.5,-0.26,-0.79,7,0.74,149,Peak,0.0,3.6,-0.203
1,10,1980,N,0.1,-0.13,-0.34,,,25-12-1980,06-04-1980,Neutral,,,No,-0.39,-0.41,-0.47,26.59,299.74,9.0,W,9.0,-0.61,-0.36,-0.59,1,0.78,149,Peak,0.0,0.12,-0.203
1,11,1980,N,0.49,-0.66,-0.2,,,25-12-1980,06-04-1980,Neutral,,,No,-0.54,-0.36,-0.45,26.64,299.79,10.83,W,10.83,-0.57,-0.31,-0.28,3,1.2,149,Peak,0.0,0.59,-0.202
1,12,1980,N,-0.61,0.81,-0.4,0.17,,25-12-1980,06-04-1980,Neutral,,,No,-0.55,-0.4,-0.4,26.6,299.75,11.57,W,11.57,-0.69,-0.25,-0.51,5,1.62,149,Peak,0.0,0.73,-0.202
1,1,1981,D,0.8,-1.07,0.51,,,25-12-1981,19-04-1981,LaNina,EP,Moderate,No,-1.41,-1.08,-0.58,25.92,299.07,10.57,W,10.57,-1.14,-0.13,-0.67,8,1.47,132,Peak,-3.0,0.96,-0.201
1,2,1981,D,1.17,-1.56,0.99,,,25-12-1981,19-04-1981,LaNina,EP,Moderate,No,-1.67,-1.21,-0.74,25.79,298.94,10.19,W,10.19,-1.12,-0.05,-0.55,2,0.99,132,Peak,-3.0,1.4,-0.2
1,3,1981,N,-0.15,0.2,0.54,,,25-12-1981,19-04-1981,LaNina,EP,Weak,No,-0.76,-0.89,-0.7,26.11,299.26,11.88,W,11.88,-0.61,0.1,-0.37,4,0.71,132,Peak,-3.0,0.18,-0.2
1,4,1981,S,-1.31,1.75,0.02,,-0.45,25-12-1981,19-04-1981,LaNina,CP,Weak,No,-0.44,-0.93,-0.46,26.07,299.22,13.4,W,13.4,-0.27,0.02,0.56,6,0.87,132,Peak,-3.0,1.57,-0.199
1,5,1981,S,-3.0,4.0,-0.38,,,25-12-1981,19-04-1981,LaNina,CP,Weak,No,-0.11,-0.71,-0.41,26.29,299.44,13.16,W,13.16,-0.09,-0.0,-0.51,8,1.34,132,Peak,-3.0,3.6,-0.198
1,6,1981,N,0.0,0.0,-2.42,,,25-12-1981,19-04-1981,LaNina,CP,Weak,No,-0.04,-0.75,-0.68,26.25,299.4,6.41,W,6.41,-0.21,-0.0,-1.18,2,1.68,132,Peak,-3.0,0.0,-0.198
1,7,1981,N,0.0,0.0,-2.53,,,25-12-1981,19-04-1981,LaNina,CP,Weak,No,-0.24,-0.51,-0.31,26.49,299.64,2.86,W,2.86,-0.31,-0.24,-1.79,4,1.58,132,Peak,-3.0,0.0,-0.197
1,8,1981,N,0.0,0.0,-2.57,,,25-12-1981,19-04-1981,LaNina,EP,Weak,No,-0.9,-0.61,-0.38,26.39,299.54,1.67,W,1.67,-0.66,-0.33,-1.24,6,1.13,132,Peak,-3.0,0.0,-0.197
1,9,1981,N,0.52,-0.7,-0.91,,,25-12-1981,19-04-1981,Neutral,,,No,-0.75,-0.48,-0.4,26.52,299.67,-0.81,E,-0.81,-0.66,-0.22,-0.9,8,0.74,132,Peak,-3.0,0.63,-0.196
1,10,1981,N,-0.52,0.69,-0.82,,,25-12-1981,19-04-1981,LaNina,EP,Weak,No,-0.78,-0.55,-0.5,26.45,299.6,-2.34,E,-2.34,-0.69,-0.27,-0.22,2,0.78,132,Peak,-3.0,0.62,-0.195
1,11,1981,D,1.23,-1.64,-0.35,,,25-12-1981,19-04-1981,LaNina,EP,Weak,No,-0.69,-0.5,-0.34,26.5,299.65,-4.6,E,-4.6,-0.66,-0.16,-0.47,4,1.2,132,Peak,-3.0,1.48,-0.195
1,12,1981,D,0.93,-1.24,-0.03,0.33,,25-12-1981,19-04-1981,Neutral,,,No,-0.12,-0.31,-0.4,26.69,299.84,-6.5,E,-6.5,-0.64,-0.08,-0.62,6,1.62,132,Peak,-3.0,1.12,-0.194
1,1,1982,N,0.52,-0.7,0.88,,,25-12-1982,11-04-1982,Neutral,,,No,-0.24,-0.21,-0.21,26.79,299.94,-5.59,E,-5.59,-0.62,-0.15,-1.18,1,1.47,99,Descending,0.0,0.63,-0.194
1,2,1982,S,-3.0,4.0,1.07,,,25-12-1982,11-04-1982,Neutral,,,No,-0.5,-0.14,0.01,26.86,300.01,-5.82,E,-5.82,-0.48,-0.12,-0.39,3,0.99,99,Descending,0.0,3.6,-0.193
1,3,1982,N,-0.42,0.56,0.89,,,25-12-1982,11-04-1982,Neutral,,,No,-1.05,0.06,0.32,27.06,300.21,-7.07,E,-7.07,-0.04,-0.1,0.16,5,0.71,99,Descending,0.0,0.5,-0.192
1,4,1982,N,0.04,-0.05,-0.38,,-0.22,25-12-1982,11-04-1982,ElNino,CP,Weak,Yes,-0.98,0.52,0.63,27.52,300.67,-10.74,E,-10.74,0.6,-0.21,0.5,7,0.87,99,Descending,0.0,0.05,-0.192
1,5,1982,S,-0.98,1.3,-0.76,,,25-12-1982,11-04-1982,ElNino,CP,Weak,Yes,-0.33,0.72,0.74,27.72,300.87,-15.74,E,-15.74,0.77,-0.27,0.51,1,1.34,99,Descending,0.0,1.17,-0.191
1,6,1982,N,0.0,0.0,-2.65,,,25-12-1982,11-04-1982,ElNino,CP,Weak,No,0.25,0.87,0.73,27.87,301.02,-19.45,E,-19.45,0.77,-0.34,-0.73,3,1.68,99,Descending,0.0,0.0,-0.19
1,7,1982,N,0.0,0.0,-2.51,,,25-12-1982,11-04-1982,ElNino,EP,Weak,No,0.65,0.75,0.55,27.75,300.9,-21.72,E,-21.72,0.45,-0.54,-0.75,5,1.58,99,Descending,0.0,0.0,-0.19
1,8,1982,N,0.0,0.0,-2.55,,,25-12-1982,11-04-1982,ElNino,EP,Moderate,No,1.11,1.19,0.66,28.19,301.34,-19.0,E,-19.0,0.42,-0.61,-0.17,7,1.13,99,Descending,0.0,0.0,-0.189
1,9,1982,S,-3.0,4.0,-1.13,,,25-12-1982,11-04-1982,ElNino,EP,Strong,No,1.89,1.59,0.62,28.59,301.74,-9.34,E,-9.34,0.58,-0.54,0.76,1,0.74,99,Descending,0.0,3.6,-0.189
1,10,1982,S,-2.29,3.06,-0.14,,,25-12-1982,11-04-1982,ElNino,EP,Strong,No,2.69,2.05,0.76,29.05,302.2,-0.95,E,-0.95,0.87,-0.59,0.75,3,0.78,99,Descending,0.0,2.75,-0.188
1,11,1982,S,-0.83,1.1,-0.45,,,25-12-1982,11-04-1982,ElNino,EP,Strong,No,3.03,2.45,0.87,29.45,302.6,6.14,W,6.14,1.11,-0.6,0.97,5,1.2,99,Descending,0.0,0.99,-0.187
1,12,1982,N,-0.61,0.81,-0.48,0.1,,25-12-1982,11-04-1982,ElNino,EP,Super,No,3.51,2.69,0.73,29.69,302.84,9.46,W,9.46,1.16,-0.6,-0.67,7,1.62,99,Descending,0.0,0.73,-0.187
1,1,1983,N,-0.33,0.44,-0.25,,,25-12-1983,03-04-1983,ElNino,EP,Super,No,2.77,2.72,0.7,29.72,302.87,10.61,W,10.61,1.14,-0.37,-1.19,2,1.47,60,Descending,0.0,0.4,-0.186
1,2,1983,N,-0.12,0.16,0.58,,,25-12-1983,03-04-1983,ElNino,EP,Strong,No,2.44,2.11,0.55,29.11,302.26,10.25,W,10.25,0.87,-0.2,-1.45,4,0.99,60,Descending,0.0,0.14,-0.186
1,3,1983,S,-1.01,1.34,0.28,,,25-12-1983,03-04-1983,ElNino,EP,Strong,No,2.34,1.63,0.39,28.63,301.78,10.66,W,10.66,0.9,-0.06,-1.16,6,0.71,60,Descending,0.0,1.21,-0.185
1,4,1983,S,-1.01,1.34,-0.43,,-0.29,25-12-1983,03-04-1983,ElNino,EP,Weak,No,3.18,0.99,-0.04,27.99,301.14,13.36,W,13.36,0.88,-0.05,-0.51,8,0.87,60,Descending,0.0,1.21,-0.184
1,5,1983,S,-0.98,1.3,-0.39,,,25-12-1983,03-04-1983,ElNino,EP,Weak,No,3.51,0.8,-0.02,27.8,300.95,16.01,W,16.01,0.81,-0.14,0.01,2,1.34,60,Descending,0.0,1.17,-0.184
1,6,1983,N,0.0,0.0,-2.61,,,25-12-1983,03-04-1983,Neutral,,,No,4.36,0.45,-0.18,27.45,300.6,13.75,W,13.75,0.51,-0.25,-0.68,4,1.68,60,Descending,0.0,0.0,-0.183
1,7,1983,N,0.0,0.0,-2.68,,,25-12-1983,03-04-1983,Neutral,,,No,4.34,-0.29,-0.43,26.71,299.86,10.77,W,10.77,-0.18,-0.37,-0.58,6,1.58,60,Descending,0.0,0.0,-0.182
1,8,1983,N,0.0,0.0,-2.75,,,25-12-1983,03-04-1983,Neutral,,,No,3.5,-0.45,-0.67,26.55,299.7,9.83,W,9.83,-0.56,-0.51,-0.36,8,1.13,60,Descending,0.0,0.0,-0.182
1,9,1983,N,0.59,-0.79,-1.14,,,25-12-1983,03-04-1983,Neutral,,,No,1.69,-0.46,-0.7,26.54,299.69,9.08,W,9.08,-0.65,-0.37,-0.37,2,0.74,60,Descending,0.0,0.71,-0.181
1,10,1983,N,0.59,-0.79,-1.12,,,25-12-1983,03-04-1983,LaNina,CP,Weak,No,0.94,-0.85,-1.05,26.15,299.3,5.89,W,5.89,-0.87,-0.37,-0.15,4,0.78,60,Descending,0.0,0.71,-0.181
1,11,1983,D,1.14,-1.52,-0.56,,,25-12-1983,03-04-1983,LaNina,CP,Moderate,No,0.71,-1.11,-1.23,25.89,299.04,2.19,W,2.19,-1.02,-0.35,-0.34,6,1.2,60,Descending,0.0,1.37,-0.18
1,12,1983,N,0.55,-0.74,-0.29,0.18,,25-12-1983,03-04-1983,LaNina,CP,Moderate,No,0.35,-1.04,-1.02,25.96,299.11,0.54,W,0.54,-1.08,-0.16,-0.83,8,1.62,60,Descending,0.0,0.67,-0.179
1,1,1984,N,0.46,-0.62,0.59,,,25-12-1984,22-04-1984,LaNina,CP,Weak,No,0.04,-0.65,-0.8,26.35,299.5,-0.12,E,-0.12,-0.88,-0.15,-0.73,3,1.47,27,Minimum,-3.0,0.56,-0.179
1,2,1984,D,0.8,-1.07,1.9,,,25-12-1984,22-04-1984,LaNina,CP,Weak,No,-0.35,-0.55,-0.99,26.45,299.6,0.03,W,0.03,-0.72,-0.15,-0.79,5,0.99,27,Minimum,-3.0,0.96,-0.178
1,3,1984,N,0.32,-0.42,1.09,,,25-12-1984,22-04-1984,LaNina,CP,Weak,No,-0.67,-0.67,-1.05,26.33,299.48,0.95,W,0.95,-0.48,-0.15,-0.07,7,0.71,27,Minimum,-3.0,0.38,-0.178
1,4,1984,S,-1.8,2.4,0.6,,-0.39,25-12-1984,22-04-1984,LaNina,CP,Weak,No,-0.5,-0.54,-1.03,26.46,299.61,0.92,W,0.92,-0.04,-0.17,0.63,1,0.87,27,Minimum,-3.0,2.16,-0.177
1,5,1984,S,-1.22,1.63,-0.65,,,25-12-1984,22-04-1984,LaNina,CP,Weak,No,-0.93,-0.53,-1.04,26.47,299.62,-6.11,E,-6.11,0.02,-0.19,-0.21,3,1.34,27,Minimum,-3.0,1.47,-0.176
1,6,1984,N,0.0,0.0,-2.74,,,25-12-1984,22-04-1984,LaNina,CP,Moderate,No,-0.82,-1.09,-1.04,25.91,299.06,-13.18,E,-13.18,-0.41,-0.52,-1.49,5,1.68,27,Minimum,-3.0,0.0,-0.176
1,7,1984,N,0.0,0.0,-2.83,,,25-12-1984,22-04-1984,LaNina,CP,Weak,No,-0.59,-0.73,-0.68,26.27,299.42,-17.53,E,-17.53,-0.44,-0.48,-1.67,7,1.58,27,Minimum,-3.0,0.0,-0.175
1,8,1984,N,0.0,0.0,-2.75,,,25-12-1984,22-04-1984,Neutral,,,No,-0.53,-0.46,-0.59,26.54,299.69,-19.53,E,-19.53,-0.57,-0.43,-1.61,1,1.13,27,Minimum,-3.0,0.0,-0.174
1,9,1984,N,-0.39,0.52,-1.03,,,25-12-1984,22-04-1984,Neutral,,,No,-0.02,-0.29,-0.18,26.71,299.86,-20.28,E,-20.28,-0.55,-0.29,-1.2,3,0.74,27,Minimum,-3.0,0.47,-0.174
1,10,1984,N,0.19,-0.25,-0.58,,,25-12-1984,22-04-1984,LaNina,CP,Weak,No,-0.59,-0.87,-0.64,26.13,299.28,-20.42,E,-20.42,-0.88,-0.5,-0.57,5,0.78,27,Minimum,-3.0,0.23,-0.173
1,11,1984,D,1.27,-1.69,0.58,,,25-12-1984,22-04-1984,LaNina,CP,Moderate,No,-0.6,-1.34,-0.81,25.66,298.81,-19.79,E,-19.79,-1.16,-0.55,-0.63,7,1.2,27,Minimum,-3.0,1.52,-0.173
1,12,1984,N,0.04,-0.05,1.19,1.53,,25-12-1984,22-04-1984,LaNina,CP,Moderate,No,-0.37,-1.29,-0.81,25.71,298.86,-20.1,E,-20.1,-1.23,-0.37,-1.11,1,1.62,27,Minimum,-3.0,0.05,-0.172
1,1,1985,S,-0.76,1.01,1.06,,,25-12-1985,07-04-1985,LaNina,EP,Moderate,No,-1.02,-1.04,-0.64,25.96,299.11,-18.4,E,-18.4,-1.12,-0.32,-1.05,4,1.47,10,Minimum,0.0,0.91,-0.171
1,2,1985,D,1.08,-1.44,1.48,,,25-12-1985,07-04-1985,LaNina,EP,Weak,No,-1.23,-0.82,-0.49,26.18,299.33,-12.62,E,-12.62,-0.88,-0.31,-0.86,6,0.99,10,Minimum,0.0,1.3,-0.171
1,3,1985,D,1.05,-1.4,1.16,,,25-12-1985,07-04-1985,LaNina,CP,Weak,No,-0.94,-0.78,-0.95,26.22,299.37,-5.57,E,-5.57,-0.55,-0.38,-0.44,8,0.71,10,Minimum,0.0,1.26,-0.17
1,4,1985,N,-0.08,0.11,-0.26,,-0.03,25-12-1985,07-04-1985,LaNina,EP,Weak,No,-1.33,-0.93,-0.79,26.07,299.22,3.93,W,3.93,-0.27,-0.37,0.17,2,0.87,10,Minimum,0.0,0.1,-0.169
1,5,1985,N,-0.42,0.56,-0.34,,,25-12-1985,07-04-1985,LaNina,EP,Weak,No,-1.84,-0.8,-0.61,26.2,299.35,8.84,W,8.84,-0.15,-0.44,-0.05,4,1.34,10,Minimum,0.0,0.5,-0.169
1,6,1985,N,0.0,0.0,-2.79,,,25-12-1985,07-04-1985,LaNina,EP,Weak,No,-1.07,-0.72,-0.76,26.28,299.43,8.88,W,8.88,-0.19,-0.37,-1.95,6,1.68,10,Minimum,0.0,0.0,-0.168
1,7,1985,N,0.0,0.0,-2.79,,,25-12-1985,07-04-1985,LaNina,EP,Weak,No,-1.15,-0.7,-0.66,26.3,299.45,7.5,W,7.5,-0.42,-0.35,-1.5,8,1.58,10,Minimum,0.0,0.0,-0.168
1,8,1985,N,0.0,0.0,-2.54,,,25-12-1985,07-04-1985,Neutral,,,No,-1.14,-0.38,-0.37,26.62,299.77,8.49,W,8.49,-0.52,-0.53,-1.45,2,1.13,10,Minimum,0.0,0.0,-0.167
1,9,1985,S,-1.43,1.91,-1.33,,,25-12-1985,07-04-1985,LaNina,EP,Weak,No,-0.93,-0.56,-0.32,26.44,299.59,9.95,W,9.95,-0.71,-0.47,-0.77,4,0.74,10,Minimum,0.0,1.72,-0.166
1,10,1985,N,0.22,-0.29,-0.65,,,25-12-1985,07-04-1985,Neutral,,,No,-0.82,-0.47,-0.4,26.53,299.68,11.49,W,11.49,-0.64,-0.52,-0.46,6,0.78,10,Minimum,0.0,0.26,-0.166
1,11,1985,N,-0.3,0.4,0.13,,,25-12-1985,07-04-1985,LaNina,EP,Weak,No,-0.99,-0.52,-0.21,26.48,299.63,11.29,W,11.29,-0.67,-0.54,-0.5,8,1.2,10,Minimum,0.0,0.36,-0.165
1,12,1985,N,-0.55,0.73,-0.15,0.4,,25-12-1985,07-04-1985,LaNina,EP,Weak,No,-0.69,-0.52,-0.18,26.48,299.63,10.88,W,10.88,-0.76,-0.45,-0.84,2,1.62,10,Minimum,0.0,0.66,-0.165
1,1,1986,N,0.49,-0.66,0.78,,,25-12-1986,30-03-1986,LaNina,CP,Weak,No,-0.37,-0.86,-0.48,26.14,299.29,11.24,W,11.24,-1.01,-0.42,-0.67,5,1.47,16,Minimum,3.0,0.59,-0.164
1,2,1986,D,1.02,-1.36,1.89,,,25-12-1986,30-03-1986,LaNina,CP,Weak,No,0.19,-0.79,-0.34,26.21,299.36,12.45,W,12.45,-0.87,-0.3,-0.53,7,0.99,16,Minimum,3.0,1.22,-0.163
1,3,1986,N,0.41,-0.54,0.67,,0.84,25-12-1986,30-03-1986,LaNina,EP,Weak,No,-0.63,-0.62,-0.37,26.38,299.53,14.5,W,14.5,-0.45,-0.32,0.24,1,0.71,16,Minimum,3.0,0.49,-0.163
1,4,1986,S,-0.95,1.26,-0.13,,,25-12-1986,30-03-1986,Neutral,,,No,-1.09,-0.46,-0.5,26.54,299.69,15.57,W,15.57,0.01,-0.35,0.51,3,0.87,16,Minimum,3.0,1.13,-0.162
1,5,1986,S,-0.95,1.26,-0.46,,,25-12-1986,30-03-1986,Neutral,,,No,-0.77,-0.43,-0.22,26.57,299.72,15.83,W,15.83,0.08,-0.32,0.55,5,1.34,16,Minimum,3.0,1.13,-0.161
1,6,1986,N,0.0,0.0,-2.47,,,25-12-1986,30-03-1986,Neutral,,,No,-0.96,-0.14,-0.23,26.86,300.01,12.42,W,12.42,0.16,-0.49,-0.9,7,1.68,16,Minimum,3.0,0.0,-0.161
1,7,1986,N,0.0,0.0,-2.82,,,25-12-1986,30-03-1986,Neutral,,,No,-0.45,-0.08,-0.13,26.92,300.07,7.73,W,7.73,-0.05,-0.53,-1.64,1,1.58,16,Minimum,3.0,0.0,-0.16
1,8,1986,N,0.0,0.0,-2.59,,,25-12-1986,30-03-1986,Neutral,,,No,-0.03,0.46,0.36,27.46,300.61,6.32,W,6.32,-0.01,-0.65,-1.09,3,1.13,16,Minimum,3.0,0.0,-0.16
1,9,1986,N,-0.27,0.36,-1.09,,,25-12-1986,30-03-1986,ElNino,CP,Weak,No,-0.02,0.59,0.41,27.59,300.74,6.76,W,6.76,-0.02,-0.55,-0.41,5,0.74,16,Minimum,3.0,0.32,-0.159
1,10,1986,S,-3.0,4.0,-0.64,,,25-12-1986,30-03-1986,ElNino,CP,Weak,No,0.08,0.88,0.64,27.88,301.03,7.08,W,7.08,0.17,-0.57,0.06,7,0.78,16,Minimum,3.0,3.6,-0.158
1,11,1986,S,-3.0,4.0,-0.19,,,25-12-1986,30-03-1986,ElNino,CP,Moderate,No,0.15,1.04,0.74,28.04,301.19,3.8,W,3.8,0.27,-0.64,-0.12,1,1.2,16,Minimum,3.0,3.6,-0.158
1,12,1986,N,0.04,-0.05,0.33,0.79,,25-12-1986,30-03-1986,ElNino,CP,Moderate,No,0.41,1.25,0.61,28.25,301.4,1.04,W,1.04,0.3,-0.51,-0.72,3,1.62,16,Minimum,3.0,0.05,-0.157
1,1,1987,N,0.13,-0.17,1.5,,,25-12-1987,19-04-1987,ElNino,CP,Moderate,No,0.27,1.4,0.65,28.4,301.55,1.03,W,1.03,0.35,-0.28,-0.58,6,1.47,42,Descending,-3.0,0.15,-0.157
1,2,1987,N,0.41,-0.54,0.63,,,25-12-1987,19-04-1987,ElNino,EP,Moderate,No,0.86,1.07,0.46,28.07,301.22,-0.41,E,-0.41,0.25,-0.19,-0.88,8,0.99,42,Descending,-3.0,0.49,-0.156
1,3,1987,N,-0.42,0.56,1.35,,,25-12-1987,19-04-1987,ElNino,EP,Moderate,No,1.08,1.17,0.79,28.17,301.32,-2.39,E,-2.39,0.62,-0.01,-0.66,2,0.71,42,Descending,-3.0,0.5,-0.155
1,4,1987,N,-0.64,0.85,0.08,,-0.42,25-12-1987,19-04-1987,ElNino,EP,Weak,No,1.27,0.76,0.46,27.76,300.91,-8.89,E,-8.89,0.74,0.04,0.23,4,0.87,42,Descending,-3.0,0.77,-0.155
1,5,1987,S,-1.96,2.61,-0.95,,,25-12-1987,19-04-1987,ElNino,EP,Weak,No,1.21,0.8,0.23,27.8,300.95,-14.1,E,-14.1,0.81,0.02,0.5,6,1.34,42,Descending,-3.0,2.35,-0.154
1,6,1987,N,0.0,0.0,-2.52,,,25-12-1987,19-04-1987,ElNino,EP,Moderate,No,1.0,1.18,0.31,28.18,301.33,-18.38,E,-18.38,0.95,0.11,-0.76,8,1.68,42,Descending,-3.0,0.0,-0.153
1,7,1987,N,0.0,0.0,-2.71,,,25-12-1987,19-04-1987,ElNino,EP,Moderate,No,0.97,1.36,0.27,28.36,301.51,-21.93,E,-21.93,0.81,0.06,-1.36,2,1.58,42,Descending,-3.0,0.0,-0.153
1,8,1987,N,0.0,0.0,-2.75,,,25-12-1987,19-04-1987,ElNino,EP,Strong,No,1.06,1.76,0.22,28.76,301.91,-18.69,E,-18.69,0.77,0.06,-0.66,4,1.13,42,Descending,-3.0,0.0,-0.152
1,9,1987,N,0.04,-0.05,-1.18,,,25-12-1987,19-04-1987,ElNino,EP,Strong,No,1.65,1.55,0.55,28.55,301.7,-8.07,E,-8.07,0.56,0.1,0.51,6,0.74,42,Descending,-3.0,0.05,-0.152
1,10,1987,S,-3.0,4.0,0.29,,,25-12-1987,19-04-1987,ElNino,EP,Moderate,No,1.45,1.3,0.76,28.3,301.45,3.01,W,3.01,0.42,-0.14,0.64,8,0.78,42,Descending,-3.0,3.6,-0.151
1,11,1987,N,0.16,-0.21,0.62,,,25-12-1987,19-04-1987,ElNino,EP,Moderate,No,1.03,1.13,0.86,28.13,301.28,7.29,W,7.29,0.32,-0.1,0.08,2,1.2,42,Descending,-3.0,0.19,-0.15
1,12,1987,N,-0.27,0.36,-0.22,0.33,,25-12-1987,19-04-1987,ElNino,CP,Weak,No,0.56,0.85,0.65,27.85,301.0,7.04,W,7.04,0.06,0.01,0.27,4,1.62,42,Descending,-3.0,0.32,-0.15
1,1,1988,S,-2.23,2.98,1.04,,,25-12-1988,03-04-1988,ElNino,CP,Weak,Yes,-0.3,0.78,0.77,27.78,300.93,6.31,W,6.31,-0.03,-0.16,-0.43,7,1.47,80,Ascending,0.0,2.68,-0.149
1,2,1988,N,-0.46,0.61,1.06,,,25-12-1988,03-04-1988,Neutral,,,No,-0.49,0.45,0.41,27.45,300.6,6.63,W,6.63,-0.12,-0.2,-0.33,1,0.99,80,Ascending,0.0,0.55,-0.149
1,3,1988,N,-0.39,0.52,0.53,,,25-12-1988,03-04-1988,Neutral,,,No,-0.93,-0.05,-0.07,26.95,300.1,7.38,W,7.38,-0.11,-0.09,0.01,3,0.71,80,Ascending,0.0,0.47,-0.148
1,4,1988,N,-0.3,0.4,-0.09,,-0.02,25-12-1988,03-04-1988,Neutral,,,No,-1.05,-0.47,-0.39,26.53,299.68,9.27,W,9.27,0.0,-0.01,0.66,5,0.87,80,Ascending,0.0,0.36,-0.147
1,5,1988,N,-0.12,0.16,-0.42,,,25-12-1988,03-04-1988,LaNina,EP,Moderate,No,-1.09,-1.44,-0.58,25.56,298.71,11.63,W,11.63,-0.53,0.06,-0.24,7,1.34,80,Ascending,0.0,0.14,-0.147
1,6,1988,N,0.0,0.0,-2.5,,,25-12-1988,03-04-1988,LaNina,EP,Strong,No,-1.61,-1.6,-0.76,25.4,298.55,11.74,W,11.74,-0.72,0.05,-1.29,1,1.68,80,Ascending,0.0,0.0,-0.146
1,7,1988,N,0.0,0.0,-2.57,,,25-12-1988,03-04-1988,LaNina,EP,Strong,No,-1.52,-1.72,-0.91,25.28,298.43,10.81,W,10.81,-1.03,-0.19,-1.17,3,1.58,80,Ascending,0.0,0.0,-0.145
1,8,1988,N,0.0,0.0,-2.74,,,25-12-1988,03-04-1988,LaNina,EP,Moderate,No,-1.46,-1.48,-1.0,25.52,298.67,10.62,W,10.62,-1.18,-0.38,-0.7,5,1.13,80,Ascending,0.0,0.0,-0.145
1,9,1988,S,-0.76,1.01,-1.24,,,25-12-1988,03-04-1988,LaNina,CP,Strong,No,-1.05,-1.67,-1.5,25.33,298.48,10.41,W,10.41,-1.38,-0.36,-0.23,7,0.74,80,Ascending,0.0,0.91,-0.144
1,10,1988,N,0.74,-0.99,-0.57,,,25-12-1988,03-04-1988,LaNina,CP,Super,No,-1.14,-2.51,-2.05,24.49,297.64,10.32,W,10.32,-1.87,-0.35,-0.23,1,0.78,80,Ascending,0.0,0.89,-0.144
1,11,1988,D,1.67,-2.22,-0.3,,,25-12-1988,03-04-1988,LaNina,CP,Super,No,-1.19,-2.5,-2.02,24.5,297.65,9.8,W,9.8,-1.86,-0.32,-0.19,3,1.2,80,Ascending,0.0,2.0,-0.143
1,12,1988,S,-0.98,1.3,-0.31,0.3,,25-12-1988,03-04-1988,LaNina,CP,Strong,No,-1.02,-2.2,-1.73,24.8,297.95,9.34,W,9.34,-1.77,-0.23,-0.2,5,1.62,80,Ascending,0.0,1.17,-0.142
1,1,1989,D,0.83,-1.11,-0.05,,,25-12-1989,26-03-1989,LaNina,CP,Strong,No,-0.9,-2.0,-1.69,25.0,298.15,10.44,W,10.44,-1.69,-0.26,-0.76,8,1.47,117,Ascending,3.0,1.0,-0.142
1,2,1989,S,-3.0,4.0,0.16,,,25-12-1989,26-03-1989,LaNina,CP,Moderate,No,-0.46,-1.32,-1.59,25.68,298.83,9.48,W,9.48,-1.18,-0.18,0.07,2,0.99,117,Ascending,3.0,3.6,-0.141
1,3,1989,N,0.26,-0.34,0.12,,0.63,25-12-1989,26-03-1989,LaNina,CP,Moderate,No,-0.14,-1.33,-1.13,25.67,298.82,10.95,W,10.95,-0.88,-0.3,-0.22,4,0.71,117,Ascending,3.0,0.31,-0.141
1,4,1989,N,-0.42,0.56,0.51,,,25-12-1989,26-03-1989,LaNina,CP,Moderate,No,-0.23,-1.3,-1.23,25.7,298.85,11.0,W,11.0,-0.49,-0.34,0.33,6,0.87,117,Ascending,3.0,0.5,-0.14
1,5,1989,N,0.04,-0.05,-0.85,,,25-12-1989,26-03-1989,LaNina,CP,Weak,No,-0.78,-0.97,-0.95,26.03,299.18,5.76,W,5.76,-0.25,-0.19,-0.31,8,1.34,117,Ascending,3.0,0.05,-0.139
1,6,1989,N,0.0,0.0,-2.32,,,25-12-1989,26-03-1989,LaNina,EP,Weak,No,-1.12,-0.7,-0.89,26.3,299.45,-2.23,E,-2.23,-0.18,-0.02,-1.62,2,1.68,117,Ascending,3.0,0.0,-0.139
1,7,1989,N,0.0,0.0,-2.59,,,25-12-1989,26-03-1989,LaNina,EP,Weak,No,-0.83,-0.62,-0.73,26.38,299.53,-7.87,E,-7.87,-0.37,-0.07,-1.9,4,1.58,117,Ascending,3.0,0.0,-0.138
1,8,1989,N,0.0,0.0,-2.71,,,25-12-1989,26-03-1989,LaNina,CP,Weak,No,-0.25,-0.61,-0.93,26.39,299.54,-8.87,E,-8.87,-0.66,-0.13,-1.67,6,1.13,117,Ascending,3.0,0.0,-0.137
1,9,1989,S,-3.0,4.0,-1.02,,,25-12-1989,26-03-1989,LaNina,CP,Weak,No,-0.41,-0.64,-0.55,26.36,299.51,-10.28,E,-10.28,-0.76,-0.44,-0.55,8,0.74,117,Ascending,3.0,3.6,-0.137
1,10,1989,D,1.08,-1.44,-0.83,,,25-12-1989,26-03-1989,LaNina,EP,Weak,No,-0.43,-0.54,-0.38,26.46,299.61,-13.94,E,-13.94,-0.69,-0.42,-0.11,2,0.78,117,Ascending,3.0,1.3,-0.136
1,11,1989,D,1.08,-1.44,-0.06,,,25-12-1989,26-03-1989,LaNina,CP,Weak,No,-0.48,-0.54,-0.56,26.46,299.61,-14.28,E,-14.28,-0.68,-0.42,-0.28,4,1.2,117,Ascending,3.0,1.3,-0.136
1,12,1989,N,0.65,-0.87,-0.33,0.15,,25-12-1989,26-03-1989,Neutral,,,No,-0.54,-0.26,0.06,26.74,299.89,-15.16,E,-15.16,-0.61,-0.32,-0.48,6,1.62,117,Ascending,3.0,0.78,-0.135
1,1,1990,N,0.52,-0.7,0.57,,,25-12-1990,15-04-1990,Neutral,,,No,-0.53,-0.03,0.2,26.97,300.12,-16.85,E,-16.85,-0.51,-0.24,-0.35,1,1.47,143,Peak,0.0,0.63,-0.134
1,2,1990,D,0.99,-1.32,-0.11,,,25-12-1990,15-04-1990,Neutral,,,No,-0.29,0.04,0.36,27.04,300.19,-17.22,E,-17.22,-0.37,-0.23,-0.26,3,0.99,143,Peak,0.0,1.19,-0.134
1,3,1990,D,0.86,-1.15,-0.62,,,25-12-1990,15-04-1990,Neutral,,,No,-0.79,-0.09,0.28,26.91,300.06,-15.89,E,-15.89,-0.13,-0.24,0.19,5,0.71,143,Peak,0.0,1.03,-0.133
1,4,1990,S,-3.0,4.0,-0.1,,-0.1,25-12-1990,15-04-1990,Neutral,,,No,-0.59,0.2,0.3,27.2,300.35,-7.87,E,-7.87,0.41,-0.18,0.45,7,0.87,143,Peak,0.0,3.6,-0.133
1,5,1990,N,-0.12,0.16,-0.78,,,25-12-1990,15-04-1990,Neutral,,,No,-0.22,0.14,0.05,27.14,300.29,0.95,W,0.95,0.42,-0.17,-0.12,1,1.34,143,Peak,0.0,0.14,-0.132
1,6,1990,N,0.0,0.0,-2.74,,,25-12-1990,15-04-1990,Neutral,,,No,-0.43,-0.03,0.12,26.97,300.12,5.97,W,5.97,0.23,-0.21,-1.35,3,1.68,143,Peak,0.0,0.0,-0.131
1,7,1990,N,0.0,0.0,-2.66,,,25-12-1990,15-04-1990,Neutral,,,No,-0.77,0.01,0.15,27.01,300.16,6.35,W,6.35,0.0,-0.27,-1.48,5,1.58,143,Peak,0.0,0.0,-0.131
1,8,1990,N,0.0,0.0,-2.69,,,25-12-1990,15-04-1990,Neutral,,,No,-0.64,0.22,0.25,27.22,300.37,7.49,W,7.49,-0.16,-0.12,-1.51,7,1.13,143,Peak,0.0,0.0,-0.13
1,9,1990,N,0.62,-0.83,-0.99,,,25-12-1990,15-04-1990,Neutral,,,No,-0.44,0.16,0.31,27.16,300.31,8.86,W,8.86,-0.28,0.12,-1.0,1,0.74,143,Peak,0.0,0.75,-0.129
1,10,1990,N,-0.02,0.03,-0.4,,,25-12-1990,15-04-1990,Neutral,,,No,-0.56,0.18,0.36,27.18,300.33,9.99,W,9.99,-0.25,-0.05,-0.59,3,0.78,143,Peak,0.0,0.03,-0.129
1,11,1990,S,-0.98,1.3,-0.12,,,25-12-1990,15-04-1990,Neutral,,,No,-0.78,-0.02,0.35,26.98,300.13,11.97,W,11.97,-0.37,-0.15,-0.15,5,1.2,143,Peak,0.0,1.17,-0.128
1,12,1990,N,-0.39,0.52,0.24,0.7,,25-12-1990,15-04-1990,Neutral,,,No,-0.56,0.28,0.77,27.28,300.43,12.01,W,12.01,-0.28,-0.1,-0.32,7,1.62,143,Peak,0.0,0.47,-0.128
1,1,1991,S,-2.78,3.71,0.51,,,25-12-1991,31-03-1991,ElNino,CP,Weak,Yes,-0.81,0.54,0.82,27.54,300.69,10.05,W,10.05,-0.17,-0.16,-0.74,2,1.47,149,Peak,3.0,3.34,-0.127
1,2,1991,N,0.55,-0.74,1.24,,,25-12-1991,31-03-1991,Neutral,,,No,-0.33,0.19,0.59,27.19,300.34,9.73,W,9.73,-0.28,-0.08,-0.79,4,0.99,149,Peak,3.0,0.67,-0.126
1,3,1991,N,0.22,-0.29,1.04,,1.07,25-12-1991,31-03-1991,Neutral,,,No,-0.19,-0.04,0.37,26.96,300.11,10.33,W,10.33,-0.1,-0.12,-0.28,6,0.71,149,Peak,3.0,0.26,-0.126
1,4,1991,N,0.01,-0.01,-0.12,,,25-12-1991,31-03-1991,Neutral,,,No,-0.55,0.13,0.47,27.13,300.28,11.89,W,11.89,0.36,-0.27,0.89,8,0.87,149,Peak,3.0,0.01,-0.125
1,5,1991,N,-0.64,0.85,-1.07,,,25-12-1991,31-03-1991,Neutral,,,No,0.25,0.39,0.45,27.39,300.54,10.87,W,10.87,0.57,-0.22,0.75,2,1.34,149,Peak,3.0,0.77,-0.124
1,6,1991,N,0.0,0.0,-2.51,,,25-12-1991,31-03-1991,ElNino,EP,Weak,No,0.77,0.84,0.49,27.84,300.99,2.89,W,2.89,0.75,-0.2,-0.64,4,1.68,149,Peak,3.0,0.0,-0.124
1,7,1991,N,0.0,0.0,-2.65,,,25-12-1991,31-03-1991,Neutral,,,No,0.43,0.37,0.1,27.37,300.52,-2.48,E,-2.48,0.22,-0.33,-1.23,6,1.58,149,Peak,3.0,0.0,-0.123
1,8,1991,N,0.0,0.0,-2.57,,,25-12-1991,31-03-1991,Neutral,,,No,-0.23,0.32,0.09,27.32,300.47,-4.2,E,-4.2,-0.1,-0.33,-0.98,8,1.13,149,Peak,3.0,0.0,-0.123
1,9,1991,S,-0.95,1.26,-1.39,,,25-12-1991,31-03-1991,Neutral,,,No,0.08,0.37,0.35,27.37,300.52,-3.18,E,-3.18,-0.15,-0.22,-0.03,2,0.74,149,Peak,3.0,1.13,-0.122
1,10,1991,S,-0.95,1.26,-0.56,,,25-12-1991,31-03-1991,ElNino,CP,Weak,No,0.22,0.89,0.7,27.89,301.04,-2.27,E,-2.27,0.17,-0.43,0.59,4,0.78,149,Peak,3.0,1.13,-0.121
1,11,1991,N,0.07,-0.09,-0.3,,,25-12-1991,31-03-1991,ElNino,CP,Moderate,No,0.43,1.14,0.7,28.14,301.29,-4.31,E,-4.31,0.33,-0.38,0.45,6,1.2,149,Peak,3.0,0.08,-0.121
1,12,1991,N,0.07,-0.09,-0.12,0.39,,25-12-1991,31-03-1991,ElNino,CP,Strong,No,0.69,1.58,0.82,28.58,301.73,-3.01,E,-3.01,0.5,-0.23,-0.28,8,1.62,149,Peak,3.0,0.08,-0.12
1,1,1992,N,0.59,-0.79,0.06,,,25-12-1992,19-04-1992,ElNino,CP,Strong,No,0.34,1.77,0.78,28.77,301.92,-3.7,E,-3.7,0.57,-0.16,-1.08,3,1.47,132,Peak,-3.0,0.71,-0.12
1,2,1992,N,0.46,-0.62,0.3,,,25-12-1992,19-04-1992,ElNino,CP,Strong,No,0.7,1.78,0.79,28.78,301.93,-2.58,E,-2.58,0.68,-0.05,-1.22,5,0.99,132,Peak,-3.0,0.56,-0.119
1,3,1992,N,0.1,-0.13,0.27,,,25-12-1992,19-04-1992,ElNino,EP,Moderate,No,0.94,1.32,0.59,28.32,301.47,-5.48,E,-5.48,0.71,-0.09,-1.18,7,0.71,132,Peak,-3.0,0.12,-0.118
1,4,1992,S,-0.76,1.01,0.1,,-0.55,25-12-1992,19-04-1992,ElNino,EP,Moderate,No,1.59,1.12,0.57,28.12,301.27,-7.8,E,-7.8,0.96,-0.21,-0.23,1,0.87,132,Peak,-3.0,0.91,-0.118
1,5,1992,S,-1.9,2.53,-0.41,,,25-12-1992,19-04-1992,ElNino,EP,Weak,No,1.8,0.86,0.3,27.86,301.01,-11.55,E,-11.55,0.85,-0.27,-0.22,3,1.34,132,Peak,-3.0,2.28,-0.117
1,6,1992,N,0.0,0.0,-2.07,,,25-12-1992,19-04-1992,Neutral,,,No,0.6,0.23,0.21,27.23,300.38,-17.74,E,-17.74,0.38,-0.34,-0.99,5,1.68,132,Peak,-3.0,0.0,-0.116
1,7,1992,N,0.0,0.0,-2.59,,,25-12-1992,19-04-1992,Neutral,,,No,0.22,0.17,0.34,27.17,300.32,-21.05,E,-21.05,0.1,-0.57,-1.25,7,1.58,132,Peak,-3.0,0.0,-0.116
1,8,1992,N,0.0,0.0,-2.65,,,25-12-1992,19-04-1992,Neutral,,,No,0.05,-0.16,0.19,26.84,299.99,-22.89,E,-22.89,-0.39,-0.71,-1.56,1,1.13,132,Peak,-3.0,0.0,-0.115
1,9,1992,N,0.01,-0.01,-0.87,,,25-12-1992,19-04-1992,Neutral,,,No,-0.09,-0.15,0.11,26.85,300.0,-21.89,E,-21.89,-0.46,-0.67,-1.47,3,0.74,132,Peak,-3.0,0.01,-0.115
1,10,1992,D,1.23,-1.64,-0.45,,,25-12-1992,19-04-1992,Neutral,,,No,-0.11,-0.38,-0.09,26.62,299.77,-17.19,E,-17.19,-0.59,-0.53,-0.74,5,0.78,132,Peak,-3.0,1.48,-0.114
1,11,1992,D,0.83,-1.11,-0.15,,,25-12-1992,19-04-1992,Neutral,,,No,-0.03,-0.15,0.08,26.85,300.0,-8.2,E,-8.2,-0.45,-0.58,-0.52,7,1.2,132,Peak,-3.0,1.0,-0.113
1,12,1992,S,-0.79,1.05,-0.05,0.5,,25-12-1992,19-04-1992,Neutral,,,No,-0.01,0.21,0.21,27.21,300.36,0.94,W,0.94,-0.33,-0.39,-0.62,1,1.62,132,Peak,-3.0,0.95,-0.113
1,1,1993,N,0.07,-0.09,-0.22,,,25-12-1993,11-04-1993,Neutral,,,No,-0.25,0.32,0.4,27.32,300.47,4.55,W,4.55,-0.3,-0.31,-0.59,4,1.47,99,Descending,0.0,0.08,-0.112
1,2,1993,N,0.55,-0.74,0.67,,,25-12-1993,11-04-1993,Neutral,,,No,0.13,0.22,0.22,27.22,300.37,7.04,W,7.04,-0.26,-0.17,-0.49,6,0.99,99,Descending,0.0,0.67,-0.112
1,3,1993,N,-0.49,0.65,0.6,,,25-12-1993,11-04-1993,Neutral,,,No,0.48,0.44,0.25,27.44,300.59,8.95,W,8.95,0.18,-0.2,-0.28,8,0.71,99,Descending,0.0,0.59,-0.111
1,4,1993,N,-0.52,0.69,0.17,,0.05,25-12-1993,11-04-1993,ElNino,EP,Weak,No,0.93,0.57,0.11,27.57,300.72,11.66,W,11.66,0.63,-0.09,0.33,2,0.87,99,Descending,0.0,0.62,-0.11
1,5,1993,S,-2.23,2.98,-0.37,,,25-12-1993,11-04-1993,ElNino,EP,Weak,No,0.61,0.83,0.2,27.83,300.98,13.94,W,13.94,0.83,-0.28,0.35,4,1.34,99,Descending,0.0,2.68,-0.11
1,6,1993,N,0.0,0.0,-2.81,,,25-12-1993,11-04-1993,ElNino,EP,Weak,No,0.64,0.62,0.14,27.62,300.77,12.94,W,12.94,0.62,-0.36,-0.74,6,1.68,99,Descending,0.0,0.0,-0.109
1,7,1993,N,0.0,0.0,-2.73,,,25-12-1993,11-04-1993,Neutral,,,No,0.52,0.31,0.23,27.31,300.46,10.21,W,10.21,0.18,-0.59,-1.04,8,1.58,99,Descending,0.0,0.0,-0.108
1,8,1993,N,0.0,0.0,-2.67,,,25-12-1993,11-04-1993,Neutral,,,No,0.41,0.09,0.25,27.09,300.24,8.91,W,8.91,-0.24,-0.49,-1.24,2,1.13,99,Descending,0.0,0.0,-0.108
1,9,1993,S,-3.0,4.0,-0.62,,,25-12-1993,11-04-1993,Neutral,,,No,0.45,0.36,0.28,27.36,300.51,9.91,W,9.91,-0.16,-0.37,-0.86,4,0.74,99,Descending,0.0,3.6,-0.107
1,10,1993,N,-0.08,0.11,-0.29,,,25-12-1993,11-04-1993,Neutral,,,No,0.49,0.32,0.18,27.32,300.47,10.77,W,10.77,-0.17,-0.44,-0.04,6,0.78,99,Descending,0.0,0.1,-0.107
1,11,1993,S,-0.76,1.01,1.56,,,25-12-1993,11-04-1993,Neutral,,,No,0.26,0.28,0.32,27.28,300.43,8.77,W,8.77,-0.19,-0.44,-0.25,8,1.2,99,Descending,0.0,0.91,-0.106
1,12,1993,N,0.46,-0.62,0.04,0.48,,25-12-1993,11-04-1993,Neutral,,,No,-0.34,0.21,0.26,27.21,300.36,6.05,W,6.05,-0.33,-0.39,-0.61,2,1.62,99,Descending,0.0,0.56,-0.105
1,1,1994,N,0.62,-0.83,0.47,,,25-12-1994,03-04-1994,Neutral,,,No,-0.38,-0.14,0.01,26.86,300.01,4.4,W,4.4,-0.58,-0.35,-0.79,5,1.47,60,Descending,0.0,0.75,-0.105
1,2,1994,S,-2.97,3.96,1.74,,,25-12-1994,03-04-1994,Neutral,,,No,-0.35,0.01,-0.02,27.01,300.16,4.19,W,4.19,-0.39,-0.4,-0.76,7,0.99,60,Descending,0.0,3.56,-0.104
1,3,1994,N,0.52,-0.7,0.26,,,25-12-1994,03-04-1994,Neutral,,,No,-1.33,0.03,-0.14,27.03,300.18,4.27,W,4.27,-0.06,-0.23,0.26,1,0.71,60,Descending,0.0,0.63,-0.104
1,4,1994,S,-1.46,1.95,0.17,,-0.05,25-12-1994,03-04-1994,Neutral,,,No,-1.38,-0.05,-0.11,26.95,300.1,-0.54,E,-0.54,0.26,-0.23,0.81,3,0.87,60,Descending,0.0,1.75,-0.103
1,5,1994,S,-2.54,3.39,-0.6,,,25-12-1994,03-04-1994,Neutral,,,No,-1.31,0.08,0.02,27.08,300.23,-9.69,E,-9.69,0.38,-0.31,0.92,5,1.34,60,Descending,0.0,3.05,-0.102
1,6,1994,N,0.0,0.0,-2.97,,,25-12-1994,03-04-1994,Neutral,,,No,-0.76,0.23,0.22,27.23,300.38,-17.47,E,-17.47,0.38,-0.41,-0.19,7,1.68,60,Descending,0.0,0.0,-0.102
1,7,1994,N,0.0,0.0,-2.65,,,25-12-1994,03-04-1994,Neutral,,,No,-0.43,-0.03,0.37,26.97,300.12,-21.68,E,-21.68,-0.02,-0.53,-0.68,1,1.58,60,Descending,0.0,0.0,-0.101
1,8,1994,N,0.0,0.0,-2.56,,,25-12-1994,03-04-1994,Neutral,,,No,-0.46,0.48,0.7,27.48,300.63,-23.64,E,-23.64,-0.0,-0.55,0.31,3,1.13,60,Descending,0.0,0.0,-0.1
1,9,1994,N,-0.55,0.73,-1.0,,,25-12-1994,03-04-1994,Neutral,,,No,0.16,0.31,0.35,27.31,300.46,-24.12,E,-24.12,-0.19,-0.41,1.21,5,0.74,60,Descending,0.0,0.66,-0.1
1,10,1994,D,0.89,-1.19,-0.64,,,25-12-1994,03-04-1994,ElNino,EP,Weak,No,0.79,0.88,0.7,27.88,301.03,-23.46,E,-23.46,0.17,-0.26,1.88,7,0.78,60,Descending,0.0,1.07,-0.099
1,11,1994,N,-0.08,0.11,-0.18,,,25-12-1994,03-04-1994,ElNino,EP,Moderate,No,1.21,1.2,0.77,28.2,301.35,-16.91,E,-16.91,0.36,-0.19,0.78,1,1.2,60,Descending,0.0,0.1,-0.099
1,12,1994,N,-0.12,0.16,0.14,0.64,,25-12-1994,03-04-1994,ElNino,EP,Moderate,No,0.99,1.19,0.72,28.19,301.34,-6.81,E,-6.81,0.26,-0.16,-0.11,3,1.62,60,Descending,0.0,0.14,-0.098
1,1,1995,N,0.29,-0.38,0.59,,,25-12-1995,16-04-1995,ElNino,CP,Weak,No,0.62,0.85,0.64,27.85,301.0,0.71,W,0.71,0.02,-0.09,-0.71,6,1.47,27,Minimum,-3.0,0.34,-0.097
1,2,1995,N,-0.02,0.03,-0.23,,,25-12-1995,16-04-1995,ElNino,CP,Weak,No,0.1,0.83,0.82,27.83,300.98,2.53,W,2.53,0.11,-0.07,-0.22,8,0.99,27,Minimum,-3.0,0.03,-0.097
1,3,1995,N,-0.33,0.44,0.28,,,25-12-1995,16-04-1995,Neutral,,,No,-0.62,0.25,0.57,27.25,300.4,4.04,W,4.04,0.07,-0.05,0.26,2,0.71,27,Minimum,-3.0,0.4,-0.096
1,4,1995,N,-0.61,0.81,-0.5,,-0.97,25-12-1995,16-04-1995,Neutral,,,No,-1.25,0.14,0.32,27.14,300.29,8.27,W,8.27,0.37,-0.08,0.22,4,0.87,27,Minimum,-3.0,0.73,-0.096
1,5,1995,N,-0.36,0.48,-0.71,,,25-12-1995,16-04-1995,Neutral,,,No,-1.23,-0.32,0.2,26.68,299.83,12.45,W,12.45,0.14,0.09,-0.06,6,1.34,27,Minimum,-3.0,0.43,-0.095
1,6,1995,N,0.0,0.0,-2.48,,,25-12-1995,16-04-1995,Neutral,,,No,-0.94,-0.27,-0.05,26.73,299.88,12.61,W,12.61,0.08,0.21,-0.87,8,1.68,27,Minimum,-3.0,0.0,-0.094
1,7,1995,N,0.0,0.0,-2.6,,,25-12-1995,16-04-1995,Neutral,,,No,-0.6,-0.28,-0.18,26.72,299.87,11.3,W,11.3,-0.17,0.17,-1.54,2,1.58,27,Minimum,-3.0,0.0,-0.094
1,8,1995,N,0.0,0.0,-2.78,,,25-12-1995,16-04-1995,LaNina,EP,Weak,No,-0.79,-0.59,-0.45,26.41,299.56,10.15,W,10.15,-0.64,-0.05,-0.86,4,1.13,27,Minimum,-3.0,0.0,-0.093
1,9,1995,S,-0.92,1.22,-0.88,,,25-12-1995,16-04-1995,LaNina,CP,Weak,No,-0.5,-0.99,-0.74,26.01,299.16,10.18,W,10.18,-0.97,-0.14,-0.43,6,0.74,27,Minimum,-3.0,1.1,-0.092
1,10,1995,D,0.89,-1.19,-0.86,,,25-12-1995,16-04-1995,LaNina,CP,Moderate,No,-0.76,-1.17,-0.81,25.83,298.98,11.28,W,11.28,-1.06,-0.09,-0.38,8,0.78,27,Minimum,-3.0,1.07,-0.092
1,11,1995,N,0.46,-0.62,-0.31,,,25-12-1995,16-04-1995,LaNina,CP,Moderate,No,-0.46,-1.2,-0.89,25.8,298.95,10.31,W,10.31,-1.08,-0.02,-0.62,2,1.2,27,Minimum,-3.0,0.56,-0.091
1,12,1995,N,0.41,-0.54,0.62,0.99,,25-12-1995,16-04-1995,LaNina,EP,Moderate,No,-0.77,-1.09,-0.6,25.91,299.06,8.8,W,8.8,-1.11,-0.05,-0.15,4,1.62,27,Minimum,-3.0,0.49,-0.091
1,1,1996,N,0.13,-0.17,1.74,,,25-12-1996,07-04-1996,LaNina,EP,Weak,No,-0.68,-0.8,-0.41,26.2,299.35,8.01,W,8.01,-0.97,-0.07,-0.31,7,1.47,10,Minimum,0.0,0.15,-0.09
1,2,1996,N,0.65,-0.87,1.48,,,25-12-1996,07-04-1996,LaNina,EP,Weak,No,-0.6,-0.92,-0.52,26.08,299.23,7.88,W,7.88,-0.94,-0.06,-0.14,1,0.99,10,Minimum,0.0,0.78,-0.089
1,3,1996,D,0.89,-1.19,1.52,,,25-12-1996,07-04-1996,LaNina,CP,Weak,No,-0.55,-0.75,-0.56,26.25,299.4,7.95,W,7.95,-0.53,-0.09,-0.35,3,0.71,10,Minimum,0.0,1.07,-0.089
1,4,1996,S,-0.85,1.14,0.68,,0.26,25-12-1996,07-04-1996,LaNina,EP,Weak,No,-2.03,-0.57,-0.56,26.43,299.58,3.91,W,3.91,-0.06,-0.0,-0.12,5,0.87,10,Minimum,0.0,1.03,-0.088
1,5,1996,S,-1.19,1.59,-0.64,,,25-12-1996,07-04-1996,LaNina,EP,Weak,No,-1.53,-0.74,-0.54,26.26,299.41,-4.23,E,-4.23,-0.11,-0.22,0.05,7,1.34,10,Minimum,0.0,1.43,-0.088
1,6,1996,N,0.0,0.0,-2.71,,,25-12-1996,07-04-1996,LaNina,EP,Weak,No,-1.43,-0.56,-0.54,26.44,299.59,-10.87,E,-10.87,-0.09,-0.17,-1.45,1,1.68,10,Minimum,0.0,0.0,-0.087
1,7,1996,N,0.0,0.0,-2.69,,,25-12-1996,07-04-1996,Neutral,,,No,-1.65,-0.24,-0.39,26.76,299.91,-16.16,E,-16.16,-0.15,-0.26,-1.74,3,1.58,10,Minimum,0.0,0.0,-0.086
1,8,1996,N,0.0,0.0,-1.96,,,25-12-1996,07-04-1996,Neutral,,,No,-1.36,-0.38,-0.28,26.62,299.77,-16.9,E,-16.9,-0.52,-0.24,-1.8,5,1.13,10,Minimum,0.0,0.0,-0.086
1,9,1996,N,-0.27,0.36,-0.56,,,25-12-1996,07-04-1996,Neutral,,,No,-1.6,-0.45,-0.41,26.55,299.7,-17.16,E,-17.16,-0.64,-0.16,-1.1,7,0.74,10,Minimum,0.0,0.32,-0.085
1,10,1996,N,0.43,-0.58,-0.34,,,25-12-1996,07-04-1996,Neutral,,,No,-1.1,-0.41,-0.39,26.59,299.74,-18.09,E,-18.09,-0.61,-0.28,-1.3,1,0.78,10,Minimum,0.0,0.52,-0.084
1,11,1996,D,1.14,-1.52,-0.34,,,25-12-1996,07-04-1996,LaNina,EP,Weak,No,-1.41,-0.55,-0.44,26.45,299.6,-18.52,E,-18.52,-0.69,-0.3,-1.14,3,1.2,10,Minimum,0.0,1.37,-0.084
1,12,1996,D,0.86,-1.15,0.37,0.72,,25-12-1996,07-04-1996,LaNina,EP,Weak,No,-1.19,-0.72,-0.21,26.28,299.43,-19.01,E,-19.01,-0.88,-0.21,-0.75,5,1.62,10,Minimum,0.0,1.03,-0.083
1,1,1997,N,0.49,-0.66,0.81,,,25-12-1997,30-03-1997,LaNina,EP,Weak,No,-0.81,-0.68,-0.02,26.32,299.47,-17.9,E,-17.9,-0.9,-0.07,-0.87,8,1.47,16,Minimum,3.0,0.59,-0.083
1,2,1997,N,0.38,-0.5,0.02,,,25-12-1997,30-03-1997,Neutral,,,No,-0.6,-0.42,-0.0,26.58,299.73,-16.18,E,-16.18,-0.64,-0.04,-0.04,2,0.99,16,Minimum,3.0,0.45,-0.082
1,3,1997,N,-0.27,0.36,-0.01,,0.85,25-12-1997,30-03-1997,Neutral,,,No,0.6,-0.27,0.2,26.73,299.88,-13.96,E,-13.96,-0.24,-0.1,0.19,4,0.71,16,Minimum,3.0,0.32,-0.081
1,4,1997,N,0.52,-0.7,-0.52,,,25-12-1997,30-03-1997,Neutral,,,No,0.9,0.11,0.57,27.11,300.26,-2.54,E,-2.54,0.35,-0.04,0.54,6,0.87,16,Minimum,3.0,0.63,-0.081
1,5,1997,N,0.1,-0.13,-0.83,,,25-12-1997,30-03-1997,ElNino,EP,Weak,No,2.3,0.56,0.58,27.56,300.71,5.27,W,5.27,0.67,-0.01,0.18,8,1.34,16,Minimum,3.0,0.12,-0.08
1,6,1997,N,0.0,0.0,-2.4,,,25-12-1997,30-03-1997,ElNino,EP,Moderate,No,3.26,1.12,0.43,28.12,301.27,11.04,W,11.04,0.92,-0.17,-0.39,2,1.68,16,Minimum,3.0,0.0,-0.079
1,7,1997,N,0.0,0.0,-2.41,,,25-12-1997,30-03-1997,ElNino,EP,Strong,No,4.03,1.67,0.51,28.67,301.82,12.69,W,12.69,1.0,-0.09,-0.12,4,1.58,16,Minimum,3.0,0.0,-0.079
1,8,1997,N,0.0,0.0,-2.36,,,25-12-1997,30-03-1997,ElNino,EP,Strong,No,4.51,2.0,0.51,29.0,302.15,11.7,W,11.7,0.91,-0.1,0.22,6,1.13,16,Minimum,3.0,0.0,-0.078
1,9,1997,S,-2.02,2.69,-1.08,,,25-12-1997,30-03-1997,ElNino,EP,Strong,No,4.54,2.23,0.63,29.23,302.38,11.91,W,11.91,0.96,-0.06,1.09,8,0.74,16,Minimum,3.0,2.42,-0.078
1,10,1997,S,-1.12,1.5,-0.95,,,25-12-1997,30-03-1997,ElNino,EP,Super,No,4.32,2.56,0.57,29.56,302.71,12.23,W,12.23,1.17,0.11,2.04,2,0.78,16,Minimum,3.0,1.35,-0.077
1,11,1997,S,-1.16,1.55,0.47,,,25-12-1997,30-03-1997,ElNino,EP,Super,No,4.29,2.7,0.81,29.7,302.85,11.06,W,11.06,1.26,0.16,2.17,4,1.2,16,Minimum,3.0,1.4,-0.076
1,12,1997,N,-0.24,0.32,0.63,1.04,,25-12-1997,30-03-1997,ElNino,EP,Super,No,4.23,2.81,0.82,29.81,302.96,9.11,W,9.11,1.23,0.07,1.08,6,1.62,16,Minimum,3.0,0.29,-0.076
1,1,1998,N,-0.02,0.03,0.73,,,25-12-1998,12-04-1998,ElNino,EP,Super,No,3.69,2.64,0.83,29.64,302.79,8.58,W,8.58,1.09,0.14,0.15,1,1.47,42,Descending,0.0,0.03,-0.075
1,2,1998,N,-0.42,0.56,0.54,,,25-12-1998,12-04-1998,ElNino,EP,Strong,No,2.61,2.24,0.82,29.24,302.39,8.5,W,8.5,0.95,0.28,-0.44,3,0.99,42,Descending,0.0,0.5,-0.075
1,3,1998,N,-0.27,0.36,0.48,,,25-12-1998,12-04-1998,ElNino,EP,Strong,No,2.26,1.53,0.42,28.53,301.68,9.79,W,9.79,0.84,0.3,-0.39,5,0.71,42,Descending,0.0,0.32,-0.074
1,4,1998,N,-0.33,0.44,0.53,,0.27,25-12-1998,12-04-1998,ElNino,EP,Weak,No,2.93,0.85,-0.1,27.85,301.0,5.03,W,5.03,0.8,0.29,0.02,7,0.87,42,Descending,0.0,0.4,-0.073
1,5,1998,N,0.26,-0.34,-0.69,,,25-12-1998,12-04-1998,Neutral,,,No,3.01,0.49,-0.3,27.49,300.64,-6.25,E,-6.25,0.63,0.33,0.11,1,1.34,42,Descending,0.0,0.31,-0.073
1,6,1998,N,0.0,0.0,-2.53,,,25-12-1998,12-04-1998,LaNina,CP,Moderate,No,2.07,-1.0,-0.45,26.0,299.15,-13.19,E,-13.19,-0.36,0.44,-1.06,3,1.68,42,Descending,0.0,0.0,-0.072
1,7,1998,N,0.0,0.0,-2.77,,,25-12-1998,12-04-1998,LaNina,CP,Strong,No,1.5,-1.57,-0.92,25.43,298.58,-16.54,E,-16.54,-0.94,0.36,-2.04,5,1.58,42,Descending,0.0,0.0,-0.071
1,8,1998,N,0.0,0.0,-2.76,,,25-12-1998,12-04-1998,LaNina,CP,Strong,No,1.06,-1.55,-1.13,25.45,298.6,-18.6,E,-18.6,-1.22,0.31,-1.56,7,1.13,42,Descending,0.0,0.0,-0.071
1,9,1998,N,0.71,-0.95,-0.65,,,25-12-1998,12-04-1998,LaNina,CP,Moderate,No,0.62,-1.12,-0.81,25.88,299.03,-19.74,E,-19.74,-1.05,0.17,-1.21,1,0.74,42,Descending,0.0,0.85,-0.07
1,10,1998,D,1.11,-1.48,-0.8,,,25-12-1998,12-04-1998,LaNina,CP,Moderate,No,0.45,-1.38,-1.35,25.62,298.77,-20.85,E,-20.85,-1.19,0.24,-1.2,3,0.78,42,Descending,0.0,1.33,-0.07
1,11,1998,D,1.57,-2.09,0.98,,,25-12-1998,12-04-1998,LaNina,CP,Strong,No,-0.24,-1.6,-1.6,25.4,298.55,-21.73,E,-21.73,-1.32,0.3,-0.9,5,1.2,42,Descending,0.0,1.88,-0.069
1,12,1998,D,1.57,-2.09,-0.21,0.18,,25-12-1998,12-04-1998,LaNina,CP,Strong,No,-0.42,-1.98,-1.45,25.02,298.17,-21.72,E,-21.72,-1.64,0.21,-0.73,7,1.62,42,Descending,0.0,1.88,-0.068
1,1,1999,D,1.23,-1.64,0.68,,,25-12-1999,04-04-1999,LaNina,CP,Strong,No,-0.87,-1.78,-1.86,25.22,298.37,-17.45,E,-17.45,-1.56,0.08,-0.95,2,1.47,80,Ascending,0.0,1.48,-0.068
1,2,1999,D,1.39,-1.85,0.24,,,25-12-1999,04-04-1999,LaNina,CP,Moderate,No,-0.44,-1.37,-1.86,25.63,298.78,-11.99,E,-11.99,-1.21,0.02,-0.79,4,0.99,80,Ascending,0.0,1.67,-0.067
1,3,1999,N,0.1,-0.13,1.2,,,25-12-1999,04-04-1999,LaNina,CP,Moderate,No,0.09,-1.0,-1.57,26.0,299.15,-2.27,E,-2.27,-0.68,0.04,0.13,6,0.71,80,Ascending,0.0,0.12,-0.067
1,4,1999,N,-0.08,0.11,-0.27,,-0.12,25-12-1999,04-04-1999,LaNina,CP,Weak,No,-1.3,-0.97,-1.32,26.03,299.18,5.34,W,5.34,-0.3,0.07,0.48,8,0.87,80,Ascending,0.0,0.1,-0.066
1,5,1999,S,-0.76,1.01,-0.52,,,25-12-1999,04-04-1999,LaNina,CP,Weak,No,-0.73,-0.86,-1.03,26.14,299.29,9.96,W,9.96,-0.18,0.2,-0.51,2,1.34,80,Ascending,0.0,0.91,-0.065
1,6,1999,N,0.0,0.0,-2.31,,,25-12-1999,04-04-1999,LaNina,CP,Moderate,No,-0.88,-1.07,-0.99,25.93,299.08,10.83,W,10.83,-0.4,0.04,-1.19,4,1.68,80,Ascending,0.0,0.0,-0.065
1,7,1999,N,0.0,0.0,-2.49,,,25-12-1999,04-04-1999,LaNina,EP,Weak,No,-1.0,-0.88,-0.87,26.12,299.27,8.53,W,8.53,-0.53,0.07,-1.02,6,1.58,80,Ascending,0.0,0.0,-0.064
1,8,1999,N,0.0,0.0,-2.63,,,25-12-1999,04-04-1999,LaNina,EP,Moderate,No,-0.99,-1.18,-0.98,25.82,298.97,8.46,W,8.46,-1.0,0.14,-0.92,8,1.13,80,Ascending,0.0,0.0,-0.063
1,9,1999,N,0.22,-0.29,-0.78,,,25-12-1999,04-04-1999,LaNina,CP,Moderate,No,-0.8,-1.02,-0.91,25.98,299.13,9.46,W,9.46,-0.99,0.03,-0.26,2,0.74,80,Ascending,0.0,0.26,-0.063
1,10,1999,S,-0.83,1.1,-0.92,,,25-12-1999,04-04-1999,LaNina,CP,Moderate,No,-0.81,-1.11,-0.84,25.89,299.04,10.6,W,10.6,-1.03,-0.09,-0.4,4,0.78,80,Ascending,0.0,0.99,-0.062
1,11,1999,D,0.77,-1.03,0.27,,,25-12-1999,04-04-1999,LaNina,CP,Strong,No,-0.97,-1.64,-1.18,25.36,298.51,11.72,W,11.72,-1.34,-0.07,-0.67,6,1.2,80,Ascending,0.0,0.93,-0.062
1,12,1999,D,1.17,-1.56,-0.59,-0.14,,25-12-1999,04-04-1999,LaNina,CP,Strong,No,-0.86,-1.86,-1.42,25.14,298.29,13.08,W,13.08,-1.57,0.02,-0.22,8,1.62,80,Ascending,0.0,1.4,-0.061
1,1,2000,N,0.71,-0.95,0.34,,,25-12-2000,23-04-2000,LaNina,CP,Strong,No,-0.7,-1.87,-1.35,25.13,298.28,12.14,W,12.14,-1.62,-0.02,-0.37,3,1.47,117,Ascending,-3.0,0.85,-0.06
1,2,2000,N,0.62,-0.83,0.12,,,25-12-2000,23-04-2000,LaNina,CP,Strong,No,-0.28,-1.54,-1.49,25.46,298.61,12.42,W,12.42,-1.32,-0.01,-0.08,5,0.99,117,Ascending,-3.0,0.75,-0.06
1,3,2000,N,-0.02,0.03,-0.06,,,25-12-2000,23-04-2000,LaNina,CP,Moderate,No,-0.5,-1.04,-1.49,25.96,299.11,13.3,W,13.3,-0.7,0.08,0.06,7,0.71,117,Ascending,-3.0,0.03,-0.059
1,4,2000,N,-0.12,0.16,-0.24,,-0.9,25-12-2000,23-04-2000,LaNina,CP,Weak,No,0.45,-0.71,-1.13,26.29,299.44,14.04,W,14.04,-0.14,0.03,0.57,1,0.87,117,Ascending,-3.0,0.14,-0.059
1,5,2000,N,-0.42,0.56,-0.77,,,25-12-2000,23-04-2000,LaNina,CP,Weak,No,-0.5,-0.69,-1.01,26.31,299.46,14.12,W,14.12,-0.08,0.05,-0.25,3,1.34,117,Ascending,-3.0,0.5,-0.058
1,6,2000,N,0.0,0.0,-2.74,,,25-12-2000,23-04-2000,LaNina,CP,Weak,No,-0.72,-0.67,-0.77,26.33,299.48,11.35,W,11.35,-0.16,-0.11,-1.33,5,1.68,117,Ascending,-3.0,0.0,-0.057
1,7,2000,N,0.0,0.0,-2.54,,,25-12-2000,23-04-2000,LaNina,EP,Weak,No,-0.9,-0.62,-0.72,26.38,299.53,8.08,W,8.08,-0.37,-0.12,-1.36,7,1.58,117,Ascending,-3.0,0.0,-0.057
1,8,2000,N,0.0,0.0,-2.71,,,25-12-2000,23-04-2000,Neutral,,,No,-0.45,-0.42,-0.32,26.58,299.73,6.84,W,6.84,-0.54,-0.09,-0.88,1,1.13,117,Ascending,-3.0,0.0,-0.056
1,9,2000,S,-2.05,2.73,-0.73,,,25-12-2000,23-04-2000,Neutral,,,No,-0.45,-0.37,-0.17,26.63,299.78,7.37,W,7.37,-0.6,-0.04,-0.77,3,0.74,117,Ascending,-3.0,2.46,-0.055
1,10,2000,N,-0.55,0.73,0.03,,,25-12-2000,23-04-2000,LaNina,CP,Weak,No,-0.45,-0.64,-0.58,26.36,299.51,2.04,W,2.04,-0.75,-0.13,-0.3,5,0.78,117,Ascending,-3.0,0.66,-0.055
1,11,2000,D,0.86,-1.15,0.37,,,25-12-2000,23-04-2000,LaNina,EP,Weak,No,-1.04,-0.87,-0.58,26.13,299.28,0.58,W,0.58,-0.88,-0.12,0.14,7,1.2,117,Ascending,-3.0,1.03,-0.054
1,12,2000,N,0.01,-0.01,0.14,0.6,,25-12-2000,23-04-2000,LaNina,CP,Weak,No,-0.8,-0.91,-0.86,26.09,299.24,-0.25,E,-0.25,-1.0,-0.18,-0.24,1,1.62,117,Ascending,-3.0,0.01,-0.054
1,1,2001,D,1.05,-1.4,0.85,,,25-12-2001,15-04-2001,LaNina,EP,Weak,No,-0.89,-0.64,-0.71,26.36,299.51,-0.12,E,-0.12,-0.88,-0.12,-0.82,4,1.47,143,Peak,0.0,1.26,-0.053
1,2,2001,D,1.48,-1.97,0.87,,,25-12-2001,15-04-2001,LaNina,CP,Weak,No,-0.7,-0.73,-0.92,26.27,299.42,-0.46,E,-0.46,-0.83,-0.04,0.12,6,0.99,143,Peak,0.0,1.77,-0.052
1,3,2001,S,-3.0,4.0,0.23,,,25-12-2001,15-04-2001,Neutral,,,No,0.49,-0.35,-0.63,26.65,299.8,-0.27,E,-0.27,-0.29,0.08,0.5,8,0.71,143,Peak,0.0,3.6,-0.052
1,4,2001,S,-3.0,4.0,-0.22,,-0.16,25-12-2001,15-04-2001,Neutral,,,No,0.76,-0.15,-0.38,26.85,300.0,0.15,W,0.15,0.2,-0.03,0.3,2,0.87,143,Peak,0.0,3.6,-0.051
1,5,2001,S,-1.34,1.79,-1.09,,,25-12-2001,15-04-2001,Neutral,,,No,-0.69,-0.22,-0.28,26.78,299.93,-3.62,E,-3.62,0.2,-0.03,-0.25,4,1.34,143,Peak,0.0,1.61,-0.051
1,6,2001,N,0.0,0.0,-2.64,,,25-12-2001,15-04-2001,Neutral,,,No,-1.06,-0.02,-0.01,26.98,300.13,-9.64,E,-9.64,0.23,0.13,-1.25,6,1.68,143,Peak,0.0,0.0,-0.05
1,7,2001,N,0.0,0.0,-2.43,,,25-12-2001,15-04-2001,Neutral,,,No,-0.8,0.13,0.23,27.13,300.28,-14.55,E,-14.55,0.08,0.05,-1.74,8,1.58,143,Peak,0.0,0.0,-0.049
1,8,2001,N,0.0,0.0,-2.66,,,25-12-2001,15-04-2001,Neutral,,,No,-0.69,-0.01,0.18,26.99,300.14,-17.76,E,-17.76,-0.3,0.12,-1.27,2,1.13,143,Peak,0.0,0.0,-0.049
1,9,2001,N,0.35,-0.46,-0.76,,,25-12-2001,15-04-2001,Neutral,,,No,-1.02,-0.21,0.37,26.79,299.94,-17.55,E,-17.55,-0.5,0.23,-0.42,4,0.74,143,Peak,0.0,0.41,-0.048
1,10,2001,N,0.22,-0.29,-0.62,,,25-12-2001,15-04-2001,Neutral,,,No,-1.3,-0.22,0.16,26.78,299.93,-18.14,E,-18.14,-0.49,0.26,-0.4,6,0.78,143,Peak,0.0,0.26,-0.047
1,11,2001,D,1.05,-1.4,-0.26,,,25-12-2001,15-04-2001,Neutral,,,No,-1.03,-0.26,0.19,26.74,299.89,-19.45,E,-19.45,-0.51,0.23,-0.11,8,1.2,143,Peak,0.0,1.26,-0.047
1,12,2001,D,1.33,-1.77,0.58,0.88,,25-12-2001,15-04-2001,Neutral,,,No,-0.77,-0.41,0.01,26.59,299.74,-18.97,E,-18.97,-0.7,0.19,-0.49,2,1.62,143,Peak,0.0,1.59,-0.046
1,1,2002,D,1.23,-1.64,-0.02,,,25-12-2002,31-03-2002,Neutral,,,No,-0.88,-0.05,0.5,26.95,300.1,-13.67,E,-13.67,-0.52,0.21,-0.97,5,1.47,149,Peak,3.0,1.48,-0.046
1,2,2002,N,0.71,-0.95,-0.33,,,25-12-2002,31-03-2002,Neutral,,,No,-0.27,0.25,0.5,27.25,300.4,-6.71,E,-6.71,-0.24,0.15,-0.74,7,0.99,149,Peak,3.0,0.85,-0.045
1,3,2002,S,-3.0,4.0,-0.01,,0.86,25-12-2002,31-03-2002,Neutral,,,No,0.69,0.02,0.26,27.02,300.17,0.55,W,0.55,-0.07,0.1,-0.76,1,0.71,149,Peak,3.0,3.6,-0.044
1,4,2002,S,-3.0,4.0,0.5,,,25-12-2002,31-03-2002,Neutral,,,No,0.75,0.02,0.42,27.02,300.17,8.62,W,8.62,0.3,0.03,-0.13,3,0.87,149,Peak,3.0,3.6,-0.044
1,5,2002,N,-0.24,0.32,-0.5,,,25-12-2002,31-03-2002,Neutral,,,No,0.07,0.17,0.5,27.17,300.32,10.24,W,10.24,0.44,-0.13,-0.69,5,1.34,149,Peak,3.0,0.29,-0.043
1,6,2002,N,0.0,0.0,-2.56,,,25-12-2002,31-03-2002,ElNino,CP,Weak,No,-0.19,0.67,0.47,27.67,300.82,9.34,W,9.34,0.65,-0.28,-1.44,7,1.68,149,Peak,3.0,0.0,-0.043
1,7,2002,N,0.0,0.0,-2.29,,,25-12-2002,31-03-2002,ElNino,CP,Weak,Yes,-0.82,0.68,0.54,27.68,300.83,6.76,W,6.76,0.41,-0.36,-1.65,1,1.58,149,Peak,3.0,0.0,-0.042
1,8,2002,N,0.0,0.0,-2.26,,,25-12-2002,31-03-2002,ElNino,CP,Weak,Yes,-0.77,0.96,0.59,27.96,301.11,6.66,W,6.66,0.29,-0.17,-1.48,3,1.13,149,Peak,3.0,0.0,-0.041
1,9,2002,N,-0.52,0.69,-1.01,,,25-12-2002,31-03-2002,ElNino,CP,Moderate,No,-0.15,1.11,0.74,28.11,301.26,7.33,W,7.33,0.29,-0.12,-0.39,5,0.74,149,Peak,3.0,0.62,-0.041
1,10,2002,S,-1.31,1.75,-0.54,,,25-12-2002,31-03-2002,ElNino,CP,Moderate,No,0.43,1.26,0.93,28.26,301.41,7.67,W,7.67,0.39,-0.03,0.11,7,0.78,149,Peak,3.0,1.57,-0.04
1,11,2002,S,-1.16,1.55,0.12,,,25-12-2002,31-03-2002,ElNino,CP,Moderate,No,1.0,1.48,1.04,28.48,301.63,7.14,W,7.14,0.53,-0.06,0.03,1,1.2,149,Peak,3.0,1.4,-0.039
1,12,2002,N,0.01,-0.01,1.16,1.49,,25-12-2002,31-03-2002,ElNino,CP,Moderate,No,0.91,1.45,0.95,28.45,301.6,6.33,W,6.33,0.42,0.03,-0.52,3,1.62,149,Peak,3.0,0.01,-0.039
1,1,2003,N,-0.15,0.2,0.61,,,25-12-2003,20-04-2003,ElNino,CP,Moderate,No,-0.13,1.08,0.86,28.08,301.23,7.07,W,7.07,0.15,0.1,-1.04,6,1.47,132,Peak,-3.0,0.18,-0.038
1,2,2003,N,0.35,-0.46,1.32,,,25-12-2003,20-04-2003,ElNino,CP,Weak,Yes,-0.58,0.62,0.81,27.62,300.77,7.25,W,7.25,-0.02,0.03,-0.41,8,0.99,132,Peak,-3.0,0.41,-0.038
1,3,2003,N,0.29,-0.38,0.51,,,25-12-2003,20-04-2003,ElNino,CP,Weak,Yes,-0.79,0.51,0.7,27.51,300.66,6.97,W,6.97,0.23,0.13,-0.1,2,0.71,132,Peak,-3.0,0.34,-0.037
1,4,2003,N,-0.67,0.89,0.37,,-0.55,25-12-2003,20-04-2003,Neutral,,,No,-1.3,-0.13,0.38,26.87,300.02,5.63,W,5.63,0.21,0.11,0.55,4,0.87,132,Peak,-3.0,0.8,-0.036
1,5,2003,S,-1.46,1.95,-0.86,,,25-12-2003,20-04-2003,LaNina,EP,Weak,No,-1.67,-0.52,0.01,26.48,299.63,2.0,W,2.0,0.02,0.15,0.13,6,1.34,132,Peak,-3.0,1.75,-0.036
1,6,2003,N,0.0,0.0,-2.62,,,25-12-2003,20-04-2003,Neutral,,,No,-1.47,-0.3,0.15,26.7,299.85,-2.32,E,-2.32,0.06,0.13,-0.56,8,1.68,132,Peak,-3.0,0.0,-0.035
1,7,2003,N,0.0,0.0,-2.39,,,25-12-2003,20-04-2003,Neutral,,,No,-0.82,0.03,0.18,27.03,300.18,-7.59,E,-7.59,0.02,0.3,-0.77,2,1.58,132,Peak,-3.0,0.0,-0.034
1,8,2003,N,0.0,0.0,-2.74,,,25-12-2003,20-04-2003,Neutral,,,No,-0.5,-0.09,0.3,26.91,300.06,-9.62,E,-9.62,-0.34,0.34,-0.36,4,1.13,132,Peak,-3.0,0.0,-0.034
1,9,2003,N,0.07,-0.09,-1.04,,,25-12-2003,20-04-2003,Neutral,,,No,-0.57,0.18,0.28,27.18,300.33,-10.51,E,-10.51,-0.27,0.38,-0.3,6,0.74,132,Peak,-3.0,0.08,-0.033
1,10,2003,N,0.46,-0.62,-0.68,,,25-12-2003,20-04-2003,Neutral,,,No,-0.0,0.38,0.4,27.38,300.53,-12.12,E,-12.12,-0.13,0.42,-0.08,8,0.78,132,Peak,-3.0,0.56,-0.033
1,11,2003,N,-0.52,0.69,0.2,,,25-12-2003,20-04-2003,Neutral,,,No,0.22,0.35,0.49,27.35,300.5,-15.17,E,-15.17,-0.15,0.26,-0.21,2,1.2,132,Peak,-3.0,0.62,-0.032
1,12,2003,D,1.08,-1.44,-0.45,-0.01,,25-12-2003,20-04-2003,Neutral,,,No,0.32,0.31,0.42,27.31,300.46,-18.04,E,-18.04,-0.27,0.28,-0.28,4,1.62,132,Peak,-3.0,1.3,-0.031
1,1,2004,N,0.22,-0.29,0.82,,,25-12-2004,11-04-2004,Neutral,,,No,-0.02,0.05,0.37,27.05,300.2,-18.11,E,-18.11,-0.46,0.32,-1.31,7,1.47,99,Descending,0.0,0.26,-0.031
1,2,2004,N,0.62,-0.83,0.4,,,25-12-2004,11-04-2004,Neutral,,,No,-0.25,0.05,0.32,27.05,300.2,-16.68,E,-16.68,-0.36,0.27,-0.85,1,0.99,99,Descending,0.0,0.75,-0.03
1,3,2004,N,-0.18,0.24,0.49,,,25-12-2004,11-04-2004,Neutral,,,No,-0.88,-0.15,0.17,26.85,300.0,-13.07,E,-13.07,-0.17,0.13,-0.21,3,0.71,99,Descending,0.0,0.22,-0.03
1,4,2004,N,0.35,-0.46,0.53,,0.2,25-12-2004,11-04-2004,Neutral,,,No,-0.52,-0.13,0.11,26.87,300.02,-1.43,E,-1.43,0.21,0.18,0.03,5,0.87,99,Descending,0.0,0.41,-0.029
1,5,2004,N,0.04,-0.05,-0.99,,,25-12-2004,11-04-2004,Neutral,,,No,-1.63,0.08,0.25,27.08,300.23,7.38,W,7.38,0.38,0.05,-0.57,7,1.34,99,Descending,0.0,0.05,-0.028
1,6,2004,N,0.0,0.0,-2.76,,,25-12-2004,11-04-2004,Neutral,,,No,-1.22,-0.05,0.12,26.95,300.1,9.44,W,9.44,0.21,0.09,-1.34,1,1.68,99,Descending,0.0,0.0,-0.028
1,7,2004,N,0.0,0.0,-2.49,,,25-12-2004,11-04-2004,Neutral,,,No,-0.87,0.38,0.49,27.38,300.53,8.87,W,8.87,0.23,0.13,-1.6,3,1.58,99,Descending,0.0,0.0,-0.027
1,8,2004,N,0.0,0.0,-2.49,,,25-12-2004,11-04-2004,ElNino,CP,Weak,Yes,-1.01,0.66,0.52,27.66,300.81,7.67,W,7.67,0.11,0.18,-1.12,5,1.13,99,Descending,0.0,0.0,-0.026
1,9,2004,N,-0.61,0.81,-1.24,,,25-12-2004,11-04-2004,ElNino,CP,Weak,Yes,-0.26,0.73,0.8,27.73,300.88,7.1,W,7.1,0.06,0.06,-0.31,7,0.74,99,Descending,0.0,0.73,-0.026
1,10,2004,N,0.16,-0.21,-0.43,,,25-12-2004,11-04-2004,ElNino,CP,Weak,Yes,0.07,0.64,0.86,27.64,300.79,7.93,W,7.93,0.02,0.09,0.11,1,0.78,99,Descending,0.0,0.19,-0.025
1,11,2004,N,0.52,-0.7,-0.34,,,25-12-2004,11-04-2004,ElNino,CP,Weak,No,0.33,0.55,0.75,27.55,300.7,8.38,W,8.38,-0.03,0.18,-0.05,3,1.2,99,Descending,0.0,0.63,-0.025
1,12,2004,S,-1.25,1.67,0.06,0.64,,25-12-2004,11-04-2004,ElNino,CP,Weak,Yes,0.19,0.71,0.87,27.71,300.86,8.77,W,8.77,-0.03,0.32,-0.53,5,1.62,99,Descending,0.0,1.5,-0.024
1,1,2005,N,-0.24,0.32,0.6,,,25-12-2005,27-03-2005,Neutral,,,No,0.17,0.48,0.83,27.48,300.63,7.87,W,7.87,-0.21,0.23,-0.98,8,1.47,60,Descending,3.0,0.29,-0.023
1,2,2005,N,0.52,-0.7,1.52,,,25-12-2005,27-03-2005,Neutral,,,No,-0.64,0.15,0.61,27.15,300.3,8.63,W,8.63,-0.3,0.18,-1.7,2,0.99,60,Descending,3.0,0.63,-0.023
1,3,2005,N,-0.27,0.36,0.49,,1.08,25-12-2005,27-03-2005,Neutral,,,No,-1.35,0.31,0.58,27.31,300.46,10.3,W,10.3,0.11,0.28,-1.01,4,0.71,60,Descending,3.0,0.32,-0.022
1,4,2005,N,-0.55,0.73,-0.14,,,25-12-2005,27-03-2005,Neutral,,,No,-0.9,0.14,0.25,27.14,300.29,8.96,W,8.96,0.37,0.4,0.3,6,0.87,60,Descending,3.0,0.66,-0.022
1,5,2005,N,-0.61,0.81,-1.0,,,25-12-2005,27-03-2005,Neutral,,,No,-0.07,0.22,0.24,27.22,300.37,3.3,W,3.3,0.47,0.31,0.21,8,1.34,60,Descending,3.0,0.73,-0.021
1,6,2005,N,0.0,0.0,-2.69,,,25-12-2005,27-03-2005,Neutral,,,No,-0.51,0.27,0.26,27.27,300.42,-3.72,E,-3.72,0.41,0.36,-1.1,2,1.68,60,Descending,3.0,0.0,-0.02
1,7,2005,N,0.0,0.0,-2.56,,,25-12-2005,27-03-2005,Neutral,,,No,-0.47,0.12,0.1,27.12,300.27,-9.63,E,-9.63,0.07,0.44,-1.69,4,1.58,60,Descending,3.0,0.0,-0.02
1,8,2005,N,0.0,0.0,-2.41,,,25-12-2005,27-03-2005,Neutral,,,No,-0.05,-0.04,0.05,26.96,300.11,-11.41,E,-11.41,-0.31,0.31,-1.11,6,1.13,60,Descending,3.0,0.0,-0.019
1,9,2005,S,-3.0,4.0,-1.05,,,25-12-2005,27-03-2005,Neutral,,,No,-0.66,-0.11,-0.01,26.89,300.04,-12.85,E,-12.85,-0.44,0.32,-0.96,8,0.74,60,Descending,3.0,3.6,-0.018
1,10,2005,D,0.77,-1.03,-0.65,,,25-12-2005,27-03-2005,Neutral,,,No,-1.2,0.03,0.06,27.03,300.18,-14.35,E,-14.35,-0.34,0.15,-0.52,2,0.78,60,Descending,3.0,0.93,-0.018
1,11,2005,D,1.08,-1.44,-0.46,,,25-12-2005,27-03-2005,Neutral,,,No,-0.77,-0.48,-0.14,26.52,299.67,-15.62,E,-15.62,-0.64,0.18,-0.49,4,1.2,60,Descending,3.0,1.3,-0.017
1,12,2005,D,1.14,-1.52,0.21,0.56,,25-12-2005,27-03-2005,LaNina,EP,Weak,No,-0.55,-0.72,-0.2,26.28,299.43,-16.49,E,-16.49,-0.88,0.21,-1.02,6,1.62,60,Descending,3.0,1.37,-0.017
1,1,2006,D,1.51,-2.01,1.8,,,25-12-2006,16-04-2006,LaNina,CP,Weak,No,-0.12,-0.82,-0.61,26.18,299.33,-16.05,E,-16.05,-0.99,0.23,-0.99,1,1.47,27,Minimum,-3.0,1.81,-0.016
1,2,2006,S,-1.46,1.95,1.16,,,25-12-2006,16-04-2006,LaNina,CP,Weak,No,0.25,-0.65,-0.66,26.35,299.5,-15.8,E,-15.8,-0.78,0.19,-0.81,3,0.99,27,Minimum,-3.0,1.75,-0.015
1,3,2006,N,0.71,-0.95,0.55,,,25-12-2006,16-04-2006,LaNina,CP,Weak,No,-0.05,-0.78,-0.46,26.22,299.37,-15.5,E,-15.5,-0.55,0.13,-0.45,5,0.71,27,Minimum,-3.0,0.85,-0.015
1,4,2006,N,0.43,-0.58,0.11,,-0.64,25-12-2006,16-04-2006,Neutral,,,No,-1.6,-0.32,-0.32,26.68,299.83,-13.69,E,-13.69,0.09,0.21,0.66,7,0.87,27,Minimum,-3.0,0.52,-0.014
1,5,2006,N,0.19,-0.25,-0.79,,,25-12-2006,16-04-2006,Neutral,,,No,-0.67,-0.05,-0.08,26.95,300.1,-4.98,E,-4.98,0.3,0.3,0.21,1,1.34,27,Minimum,-3.0,0.23,-0.014
1,6,2006,N,0.0,0.0,-2.54,,,25-12-2006,16-04-2006,Neutral,,,No,-0.15,0.1,0.12,27.1,300.25,3.56,W,3.56,0.3,0.27,-0.98,3,1.68,27,Minimum,-3.0,0.0,-0.013
1,7,2006,N,0.0,0.0,-2.58,,,25-12-2006,16-04-2006,Neutral,,,No,0.44,0.05,0.21,27.05,300.2,7.48,W,7.48,0.03,0.29,-1.26,5,1.58,27,Minimum,-3.0,0.0,-0.012
1,8,2006,N,0.0,0.0,-2.49,,,25-12-2006,16-04-2006,Neutral,,,No,0.87,0.38,0.43,27.38,300.53,7.94,W,7.94,-0.06,0.34,-0.37,7,1.13,27,Minimum,-3.0,0.0,-0.012
1,9,2006,S,-3.0,4.0,-1.33,,,25-12-2006,16-04-2006,ElNino,EP,Weak,No,1.07,0.69,0.72,27.69,300.84,9.39,W,9.39,0.04,0.31,0.58,1,0.74,27,Minimum,-3.0,3.6,-0.011
1,10,2006,N,-0.3,0.4,-0.47,,,25-12-2006,16-04-2006,ElNino,EP,Weak,No,1.31,0.75,0.62,27.75,300.9,10.03,W,10.03,0.09,0.31,1.26,3,0.78,27,Minimum,-3.0,0.36,-0.01
1,11,2006,S,-2.08,2.77,-0.28,,,25-12-2006,16-04-2006,ElNino,EP,Weak,No,1.1,0.94,0.86,27.94,301.09,9.69,W,9.69,0.21,0.39,1.09,5,1.2,27,Minimum,-3.0,2.49,-0.01
1,12,2006,N,0.07,-0.09,-0.73,-0.13,,25-12-2006,16-04-2006,ElNino,CP,Moderate,No,0.82,1.17,0.91,28.17,301.32,8.93,W,8.93,0.25,0.21,0.08,7,1.62,27,Minimum,-3.0,0.08,-0.009
1,1,2007,N,0.62,-0.83,-0.48,,,25-12-2007,08-04-2007,ElNino,EP,Weak,No,0.59,0.73,0.55,27.73,300.88,8.32,W,8.32,-0.06,0.26,-0.49,2,1.47,10,Minimum,0.0,0.75,-0.009
1,2,2007,N,-0.12,0.16,1.36,,,25-12-2007,08-04-2007,Neutral,,,No,0.07,0.15,0.38,27.15,300.3,8.78,W,8.78,-0.3,0.25,-0.67,4,0.99,10,Minimum,0.0,0.14,-0.008
1,3,2007,N,0.1,-0.13,0.52,,,25-12-2007,08-04-2007,Neutral,,,No,-0.8,-0.11,0.19,26.89,300.04,9.43,W,9.43,-0.15,0.13,-0.16,6,0.71,10,Minimum,0.0,0.12,-0.007
1,4,2007,N,0.16,-0.21,-0.4,,-0.09,25-12-2007,08-04-2007,Neutral,,,No,-1.26,-0.25,0.06,26.75,299.9,10.27,W,10.27,0.14,0.1,0.41,8,0.87,10,Minimum,0.0,0.19,-0.007
1,5,2007,N,-0.18,0.24,-0.95,,,25-12-2007,08-04-2007,Neutral,,,No,-1.87,-0.43,-0.01,26.57,299.72,5.43,W,5.43,0.08,0.12,0.51,2,1.34,10,Minimum,0.0,0.22,-0.006
1,6,2007,N,0.0,0.0,-2.52,,,25-12-2007,08-04-2007,Neutral,,,No,-1.57,-0.18,-0.03,26.82,299.97,-5.38,E,-5.38,0.14,-0.02,-0.56,4,1.68,10,Minimum,0.0,0.0,-0.006
1,7,2007,N,0.0,0.0,-2.85,,,25-12-2007,08-04-2007,LaNina,EP,Weak,No,-1.34,-0.59,-0.23,26.41,299.56,-10.62,E,-10.62,-0.36,0.05,-0.94,6,1.58,10,Minimum,0.0,0.0,-0.005
1,8,2007,N,0.0,0.0,-2.46,,,25-12-2007,08-04-2007,LaNina,EP,Weak,No,-1.74,-0.64,-0.4,26.36,299.51,-12.96,E,-12.96,-0.67,-0.16,-0.38,8,1.13,10,Minimum,0.0,0.0,-0.004
1,9,2007,S,-3.0,4.0,-1.12,,,25-12-2007,08-04-2007,LaNina,EP,Moderate,No,-1.67,-1.18,-0.73,25.82,298.97,-13.9,E,-13.9,-1.08,-0.02,0.21,2,0.74,10,Minimum,0.0,3.6,-0.004
1,10,2007,D,1.42,-1.89,-0.41,,,25-12-2007,08-04-2007,LaNina,EP,Strong,No,-1.65,-1.63,-0.99,25.37,298.52,-14.96,E,-14.96,-1.34,0.09,0.45,4,0.78,10,Minimum,0.0,1.7,-0.003
1,11,2007,D,1.67,-2.22,-0.17,,,25-12-2007,08-04-2007,LaNina,EP,Strong,No,-1.73,-1.74,-1.36,25.26,298.41,-17.31,E,-17.31,-1.4,0.19,-0.16,6,1.2,10,Minimum,0.0,2.0,-0.002
1,12,2007,D,1.14,-1.52,0.03,0.42,,25-12-2007,08-04-2007,LaNina,EP,Strong,No,-1.84,-1.6,-1.23,25.4,298.55,-18.19,E,-18.19,-1.41,0.05,-0.92,8,1.62,10,Minimum,0.0,1.37,-0.002
1,1,2008,D,1.36,-1.81,0.72,,,25-12-2008,23-03-2008,LaNina,CP,Strong,No,-0.56,-1.74,-1.61,25.26,298.41,-18.86,E,-18.86,-1.54,0.05,-0.65,3,1.47,16,Minimum,3.0,1.63,-0.001
1,2,2008,D,1.97,-2.63,0.15,,,25-12-2008,23-03-2008,LaNina,CP,Strong,No,0.05,-1.83,-1.68,25.17,298.32,-17.57,E,-17.57,-1.49,0.14,-0.78,5,0.99,16,Minimum,3.0,2.37,-0.001
1,3,2008,D,0.77,-1.03,-0.09,,0.63,25-12-2008,23-03-2008,LaNina,CP,Moderate,No,0.68,-1.2,-1.44,25.8,298.95,-16.78,E,-16.78,-0.8,0.17,-0.19,7,0.71,16,Minimum,3.0,0.93,0.0
1,4,2008,N,0.52,-0.7,0.06,,,25-12-2008,23-03-2008,LaNina,CP,Moderate,No,0.38,-1.02,-1.17,25.98,299.13,-12.95,E,-12.95,-0.33,0.03,0.09,1,0.87,16,Minimum,3.0,0.63,0.001
1,5,2008,N,0.19,-0.25,-0.58,,,25-12-2008,23-03-2008,LaNina,CP,Weak,No,0.11,-0.78,-1.05,26.22,299.37,-2.18,E,-2.18,-0.13,0.23,0.23,3,1.34,16,Minimum,3.0,0.23,0.001
1,6,2008,N,0.0,0.0,-2.65,,,25-12-2008,23-03-2008,LaNina,CP,Weak,No,0.66,-0.57,-0.93,26.43,299.58,5.65,W,5.65,-0.1,0.45,-0.43,5,1.68,16,Minimum,3.0,0.0,0.002
1,7,2008,N,0.0,0.0,-2.62,,,25-12-2008,23-03-2008,Neutral,,,No,1.17,-0.18,-0.67,26.82,299.97,8.42,W,8.42,-0.11,0.35,-0.48,7,1.58,16,Minimum,3.0,0.0,0.002
1,8,2008,N,0.0,0.0,-2.76,,,25-12-2008,23-03-2008,Neutral,,,No,1.21,-0.04,-0.63,26.96,300.11,6.75,W,6.75,-0.31,0.25,-0.64,1,1.13,16,Minimum,3.0,0.0,0.003
1,9,2008,S,-3.0,4.0,-0.43,,,25-12-2008,23-03-2008,Neutral,,,No,1.04,-0.28,-0.65,26.72,299.87,6.36,W,6.36,-0.54,0.16,-0.26,3,0.74,16,Minimum,3.0,3.6,0.004
1,10,2008,N,0.71,-0.95,-1.0,,,25-12-2008,23-03-2008,Neutral,,,No,0.2,-0.42,-0.45,26.58,299.73,5.64,W,5.64,-0.61,0.05,-0.03,5,0.78,16,Minimum,3.0,0.85,0.004
1,11,2008,N,0.49,-0.66,-0.59,,,25-12-2008,23-03-2008,LaNina,CP,Weak,No,-0.27,-0.5,-0.69,26.5,299.65,4.99,W,4.99,-0.66,0.04,-0.17,7,1.2,16,Minimum,3.0,0.59,0.005
1,12,2008,N,0.68,-0.91,0.2,0.58,,25-12-2008,23-03-2008,LaNina,CP,Weak,No,-0.37,-0.91,-0.94,26.09,299.24,7.35,W,7.35,-1.0,0.09,-0.32,1,1.62,16,Minimum,3.0,0.82,0.006
1,1,2009,S,-3.0,4.0,0.9,,,25-12-2009,12-04-2009,LaNina,CP,Weak,No,-0.01,-0.99,-0.93,26.01,299.16,9.7,W,9.7,-1.09,-0.01,-0.82,4,1.47,42,Descending,0.0,3.6,0.006
1,2,2009,S,-1.16,1.55,0.94,,,25-12-2009,12-04-2009,LaNina,CP,Weak,No,-0.1,-0.63,-0.78,26.37,299.52,9.1,W,9.1,-0.77,-0.13,-0.3,6,0.99,42,Descending,0.0,1.4,0.007
1,3,2009,S,-2.44,3.26,0.46,,,25-12-2009,12-04-2009,LaNina,CP,Weak,No,-0.26,-0.54,-0.49,26.46,299.61,9.39,W,9.39,-0.4,-0.16,0.15,8,0.71,42,Descending,0.0,2.93,0.007
1,4,2009,S,-0.83,1.1,0.26,,0.15,25-12-2009,12-04-2009,Neutral,,,No,0.2,-0.35,-0.29,26.65,299.8,12.28,W,12.28,0.08,-0.1,0.33,2,0.87,42,Descending,0.0,0.99,0.008
1,5,2009,S,-3.0,4.0,-0.83,,,25-12-2009,12-04-2009,Neutral,,,No,0.3,0.09,0.03,27.09,300.24,13.43,W,13.43,0.39,-0.17,0.2,4,1.34,42,Descending,0.0,3.6,0.009
1,6,2009,N,0.0,0.0,-2.34,,,25-12-2009,12-04-2009,Neutral,,,No,0.59,0.37,0.21,27.37,300.52,11.91,W,11.91,0.47,0.06,-0.75,6,1.68,42,Descending,0.0,0.0,0.009
1,7,2009,N,0.0,0.0,-2.64,,,25-12-2009,12-04-2009,ElNino,EP,Weak,No,0.93,0.57,0.27,27.57,300.72,8.63,W,8.63,0.34,0.14,-1.45,8,1.58,42,Descending,0.0,0.0,0.01
1,8,2009,N,0.0,0.0,-2.55,,,25-12-2009,12-04-2009,ElNino,EP,Weak,No,0.94,0.65,0.43,27.65,300.8,7.6,W,7.6,0.1,0.03,-0.9,2,1.13,42,Descending,0.0,0.0,0.011
1,9,2009,S,-1.06,1.42,-1.21,,,25-12-2009,12-04-2009,ElNino,EP,Weak,No,0.56,0.74,0.49,27.74,300.89,8.31,W,8.31,0.07,-0.15,-0.4,4,0.74,42,Descending,0.0,1.28,0.011
1,10,2009,S,-1.31,1.75,-0.53,,,25-12-2009,12-04-2009,ElNino,CP,Weak,No,0.23,0.81,0.91,27.81,300.96,8.79,W,8.79,0.12,0.03,-0.04,6,0.78,42,Descending,0.0,1.57,0.012
1,11,2009,N,0.13,-0.17,-0.1,,,25-12-2009,12-04-2009,ElNino,CP,Moderate,No,0.23,1.38,1.14,28.38,301.53,5.07,W,5.07,0.47,0.05,-0.26,8,1.2,42,Descending,0.0,0.15,0.012
1,12,2009,S,-0.76,1.01,1.0,1.38,,25-12-2009,12-04-2009,ElNino,CP,Strong,No,0.53,1.6,1.07,28.6,301.75,3.5,W,3.5,0.51,0.02,-0.17,2,1.62,42,Descending,0.0,0.91,0.013
1,1,2010,N,0.16,-0.21,1.86,,,25-12-2010,04-04-2010,ElNino,CP,Moderate,No,0.35,1.49,1.19,28.49,301.64,2.93,W,2.93,0.4,0.08,-0.62,5,1.47,80,Ascending,0.0,0.19,0.014
1,2,2010,N,0.13,-0.17,1.64,,,25-12-2010,04-04-2010,ElNino,CP,Moderate,Yes,-0.19,1.17,0.95,28.17,301.32,1.91,W,1.91,0.31,0.18,-0.83,7,0.99,80,Ascending,0.0,0.15,0.014
1,3,2010,N,0.35,-0.46,0.28,,,25-12-2010,04-04-2010,ElNino,CP,Moderate,Yes,-0.5,1.01,0.87,28.01,301.16,-3.02,E,-3.02,0.53,0.34,-0.14,1,0.71,80,Ascending,0.0,0.41,0.015
1,4,2010,N,-0.15,0.2,-0.06,,-0.12,25-12-2010,04-04-2010,ElNino,CP,Weak,No,0.16,0.51,0.61,27.51,300.66,-13.29,E,-13.29,0.59,0.44,0.66,3,0.87,80,Ascending,0.0,0.18,0.015
1,5,2010,N,-0.15,0.2,-0.86,,,25-12-2010,04-04-2010,Neutral,,,No,-0.17,-0.27,-0.03,26.73,299.88,-20.63,E,-20.63,0.17,0.43,-0.3,5,1.34,80,Ascending,0.0,0.18,0.016
1,6,2010,N,0.0,0.0,-2.45,,,25-12-2010,04-04-2010,LaNina,EP,Weak,No,-0.46,-0.78,-0.44,26.22,299.37,-23.95,E,-23.95,-0.22,0.45,-1.03,7,1.68,80,Ascending,0.0,0.0,0.017
1,7,2010,N,0.0,0.0,-2.31,,,25-12-2010,04-04-2010,LaNina,EP,Moderate,No,-1.56,-1.22,-0.81,25.78,298.93,-25.68,E,-25.68,-0.73,0.46,-1.39,1,1.58,80,Ascending,0.0,0.0,0.017
1,8,2010,N,0.0,0.0,-2.56,,,25-12-2010,04-04-2010,LaNina,CP,Moderate,No,-1.08,-1.38,-1.33,25.62,298.77,-18.48,E,-18.48,-1.12,0.6,-1.55,3,1.13,80,Ascending,0.0,0.0,0.018
1,9,2010,S,-1.96,2.61,-0.88,,,25-12-2010,04-04-2010,LaNina,CP,Strong,No,-1.28,-1.52,-1.54,25.48,298.63,-3.12,E,-3.12,-1.29,0.47,-1.54,5,0.74,80,Ascending,0.0,2.35,0.019
1,10,2010,D,0.83,-1.11,-0.39,,,25-12-2010,04-04-2010,LaNina,CP,Strong,No,-1.58,-1.68,-1.62,25.32,298.47,6.73,W,6.73,-1.37,0.35,-1.25,7,0.78,80,Ascending,0.0,1.0,0.019
1,11,2010,N,0.07,-0.09,-0.32,,,25-12-2010,04-04-2010,LaNina,CP,Strong,No,-1.4,-1.74,-1.67,25.26,298.41,10.53,W,10.53,-1.4,0.29,-0.45,1,1.2,80,Ascending,0.0,0.08,0.02
1,12,2010,D,1.02,-1.36,0.44,0.76,,25-12-2010,04-04-2010,LaNina,CP,Strong,No,-1.05,-1.78,-1.64,25.22,298.37,9.59,W,9.59,-1.52,0.23,-0.73,3,1.62,80,Ascending,0.0,1.22,0.02
1,1,2011,N,0.52,-0.7,0.82,,,25-12-2011,24-04-2011,LaNina,CP,Strong,No,-0.6,-1.67,-1.58,25.33,298.48,5.79,W,5.79,-1.5,0.2,-0.75,6,1.47,117,Ascending,-3.0,0.63,0.021
1,2,2011,N,-0.12,0.16,1.47,,,25-12-2011,24-04-2011,LaNina,CP,Moderate,No,0.1,-1.17,-1.22,25.83,298.98,5.35,W,5.35,-1.09,0.15,-0.76,8,0.99,117,Ascending,-3.0,0.14,0.022
1,3,2011,N,-0.3,0.4,0.38,,,25-12-2011,24-04-2011,LaNina,CP,Moderate,No,-0.28,-1.0,-0.91,26.0,299.15,4.96,W,4.96,-0.68,0.04,-0.11,2,0.71,117,Ascending,-3.0,0.36,0.022
1,4,2011,N,-0.05,0.07,-0.33,,-0.73,25-12-2011,24-04-2011,LaNina,CP,Weak,No,0.43,-0.73,-0.77,26.27,299.42,6.04,W,6.04,-0.15,0.04,0.37,4,0.87,117,Ascending,-3.0,0.06,0.023
1,5,2011,S,-3.0,4.0,-0.68,,,25-12-2011,24-04-2011,Neutral,,,No,0.36,-0.48,-0.67,26.52,299.67,10.44,W,10.44,0.05,0.13,0.02,6,1.34,117,Ascending,-3.0,3.6,0.023
1,6,2011,N,0.0,0.0,-2.57,,,25-12-2011,24-04-2011,Neutral,,,No,0.57,-0.34,-0.58,26.66,299.81,12.07,W,12.07,0.04,0.07,-0.87,8,1.68,117,Ascending,-3.0,0.0,0.024
1,7,2011,N,0.0,0.0,-2.39,,,25-12-2011,24-04-2011,Neutral,,,No,0.59,-0.43,-0.55,26.57,299.72,11.1,W,11.1,-0.26,-0.02,-0.83,2,1.58,117,Ascending,-3.0,0.0,0.025
1,8,2011,N,0.0,0.0,-2.47,,,25-12-2011,24-04-2011,LaNina,CP,Weak,No,0.35,-0.68,-0.58,26.32,299.47,10.26,W,10.26,-0.7,-0.08,-0.33,4,1.13,117,Ascending,-3.0,0.0,0.025
1,9,2011,S,-1.06,1.42,-1.37,,,25-12-2011,24-04-2011,LaNina,CP,Weak,No,-0.28,-0.78,-0.71,26.22,299.37,10.6,W,10.6,-0.84,-0.01,0.46,6,0.74,117,Ascending,-3.0,1.28,0.026
1,10,2011,D,0.86,-1.15,-0.79,,,25-12-2011,24-04-2011,LaNina,CP,Moderate,No,-0.33,-1.03,-0.86,25.97,299.12,11.42,W,11.42,-0.98,0.01,0.63,8,0.78,117,Ascending,-3.0,1.03,0.027
1,11,2011,N,-0.15,0.2,-0.03,,,25-12-2011,24-04-2011,LaNina,CP,Moderate,No,-0.53,-1.29,-0.87,25.71,298.86,9.08,W,9.08,-1.13,-0.11,-0.06,2,1.2,117,Ascending,-3.0,0.18,0.027
1,12,2011,N,0.43,-0.58,-0.45,0.06,,25-12-2011,24-04-2011,LaNina,CP,Moderate,No,-0.58,-1.07,-1.14,25.93,299.08,4.09,W,4.09,-1.09,-0.13,-0.43,4,1.62,117,Ascending,-3.0,0.52,0.028
1,1,2012,D,1.08,-1.44,1.1,,,25-12-2012,08-04-2012,LaNina,CP,Moderate,No,-0.08,-1.05,-1.27,25.95,299.1,2.67,W,2.67,-1.12,-0.05,-0.65,7,1.47,143,Peak,0.0,1.3,0.028
1,2,2012,N,0.59,-0.79,1.66,,,25-12-2012,08-04-2012,LaNina,CP,Weak,No,0.34,-0.7,-1.05,26.3,299.45,2.21,W,2.21,-0.81,-0.07,-0.8,1,0.99,143,Peak,0.0,0.71,0.029
1,3,2012,N,0.29,-0.38,0.2,,,25-12-2012,08-04-2012,LaNina,CP,Weak,No,0.41,-0.58,-0.76,26.42,299.57,2.64,W,2.64,-0.43,-0.02,0.02,3,0.71,143,Peak,0.0,0.34,0.03
1,4,2012,N,-0.27,0.36,-0.62,,-0.42,25-12-2012,08-04-2012,Neutral,,,No,1.03,-0.45,-0.41,26.55,299.7,4.18,W,4.18,0.02,0.09,0.46,5,0.87,143,Peak,0.0,0.32,0.03
1,5,2012,S,-1.43,1.91,-0.86,,,25-12-2012,08-04-2012,Neutral,,,No,1.13,-0.2,-0.39,26.8,299.95,0.84,W,0.84,0.21,0.13,0.18,7,1.34,143,Peak,0.0,1.72,0.031
1,6,2012,N,0.0,0.0,-2.65,,,25-12-2012,08-04-2012,Neutral,,,No,1.22,0.12,-0.3,27.12,300.27,-4.21,E,-4.21,0.32,0.28,-0.54,1,1.68,143,Peak,0.0,0.0,0.031
1,7,2012,N,0.0,0.0,-2.49,,,25-12-2012,08-04-2012,Neutral,,,No,0.62,0.34,-0.1,27.34,300.49,-9.4,E,-9.4,0.2,0.34,-0.64,3,1.58,143,Peak,0.0,0.0,0.032
1,8,2012,N,0.0,0.0,-2.57,,,25-12-2012,08-04-2012,ElNino,CP,Weak,No,0.26,0.71,0.34,27.71,300.86,-9.85,E,-9.85,0.14,0.43,0.2,5,1.13,143,Peak,0.0,0.0,0.033
1,9,2012,N,0.29,-0.38,-1.25,,,25-12-2012,08-04-2012,Neutral,,,No,0.4,0.44,0.38,27.44,300.59,-11.5,E,-11.5,-0.11,0.33,0.87,7,0.74,143,Peak,0.0,0.34,0.033
1,10,2012,N,0.22,-0.29,-0.71,,,25-12-2012,08-04-2012,Neutral,,,No,-0.02,0.24,0.45,27.24,300.39,-11.5,E,-11.5,-0.22,0.2,0.62,1,0.78,143,Peak,0.0,0.26,0.034
1,11,2012,S,-1.12,1.5,-0.01,,,25-12-2012,08-04-2012,Neutral,,,No,-0.18,0.17,0.36,27.17,300.32,-13.59,E,-13.59,-0.25,0.11,0.23,3,1.2,143,Peak,0.0,1.35,0.035
1,12,2012,D,1.11,-1.48,0.96,1.22,,25-12-2012,08-04-2012,Neutral,,,No,-0.45,-0.16,0.25,26.84,299.99,-15.71,E,-15.71,-0.55,0.08,-0.06,5,1.62,143,Peak,0.0,1.33,0.035
1,1,2013,N,-0.73,0.97,0.89,,,25-12-2013,31-03-2013,Neutral,,,No,-0.13,-0.36,-0.1,26.64,299.79,-14.53,E,-14.53,-0.71,0.02,-0.66,8,1.47,149,Peak,3.0,0.87,0.036
1,2,2013,N,0.68,-0.91,0.98,,,25-12-2013,31-03-2013,Neutral,,,No,-0.17,-0.21,-0.08,26.79,299.94,-14.28,E,-14.28,-0.52,-0.08,-0.44,2,0.99,149,Peak,3.0,0.82,0.036
1,3,2013,N,0.71,-0.95,1.1,,1.13,25-12-2013,31-03-2013,Neutral,,,No,-0.15,-0.03,-0.2,26.97,300.12,-16.43,E,-16.43,-0.1,-0.01,-0.3,4,0.71,149,Peak,3.0,0.85,0.037
1,4,2013,S,-1.16,1.55,-0.16,,,25-12-2013,31-03-2013,Neutral,,,No,-0.91,-0.14,-0.18,26.86,300.01,-13.92,E,-13.92,0.2,-0.06,0.34,6,0.87,149,Peak,3.0,1.4,0.038
1,5,2013,N,0.29,-0.38,-0.58,,,25-12-2013,31-03-2013,Neutral,,,No,-1.39,-0.32,-0.15,26.68,299.83,-7.5,E,-7.5,0.14,-0.05,-0.51,8,1.34,149,Peak,3.0,0.34,0.038
1,6,2013,N,0.0,0.0,-2.4,,,25-12-2013,31-03-2013,Neutral,,,No,-1.42,-0.35,-0.2,26.65,299.8,2.68,W,2.68,0.03,-0.12,-1.65,2,1.68,149,Peak,3.0,0.0,0.039
1,7,2013,N,0.0,0.0,-2.67,,,25-12-2013,31-03-2013,Neutral,,,No,-1.19,-0.37,-0.11,26.63,299.78,6.89,W,6.89,-0.22,0.09,-1.78,4,1.58,149,Peak,3.0,0.0,0.039
1,8,2013,N,0.0,0.0,-2.45,,,25-12-2013,31-03-2013,Neutral,,,No,-0.98,-0.24,-0.03,26.76,299.91,7.44,W,7.44,-0.43,-0.04,-1.22,6,1.13,149,Peak,3.0,0.0,0.04
1,9,2013,S,-0.76,1.01,-1.04,,,25-12-2013,31-03-2013,Neutral,,,No,-0.66,-0.03,-0.01,26.97,300.12,8.16,W,8.16,-0.39,-0.07,-0.56,8,0.74,149,Peak,3.0,0.91,0.041
1,10,2013,N,0.46,-0.62,-0.67,,,25-12-2013,31-03-2013,Neutral,,,No,-0.76,-0.26,0.02,26.74,299.89,8.76,W,8.76,-0.52,0.09,-0.09,2,0.78,149,Peak,3.0,0.56,0.041
1,11,2013,S,-1.31,1.75,-0.63,,,25-12-2013,31-03-2013,Neutral,,,No,-0.51,0.02,0.2,27.02,300.17,9.51,W,9.51,-0.34,-0.12,0.32,4,1.2,149,Peak,3.0,1.57,0.042
1,12,2013,S,-0.79,1.05,-0.54,0.1,,25-12-2013,31-03-2013,Neutral,,,No,-0.05,-0.06,0.07,26.94,300.09,10.74,W,10.74,-0.49,-0.24,-0.33,6,1.62,149,Peak,3.0,0.95,0.043
1,1,2014,N,-0.08,0.11,1.45,,,25-12-2014,20-04-2014,Neutral,,,No,0.32,-0.31,-0.19,26.69,299.84,10.87,W,10.87,-0.68,-0.21,-0.5,1,1.47,132,Peak,-3.0,0.1,0.043
1,2,2014,N,-0.42,0.56,1.11,,,25-12-2014,20-04-2014,Neutral,,,No,-0.74,-0.42,0.23,26.58,299.73,11.18,W,11.18,-0.64,-0.22,-0.54,3,0.99,132,Peak,-3.0,0.5,0.044
1,3,2014,N,0.32,-0.42,0.01,,,25-12-2014,20-04-2014,Neutral,,,No,-0.66,-0.08,0.41,26.92,300.07,11.76,W,11.76,-0.13,-0.24,-0.59,5,0.71,132,Peak,-3.0,0.38,0.044
1,4,2014,N,-0.64,0.85,0.18,,-0.51,25-12-2014,20-04-2014,Neutral,,,No,-0.17,0.14,0.34,27.14,300.29,13.04,W,13.04,0.37,-0.18,0.28,7,0.87,132,Peak,-3.0,0.77,0.045
1,5,2014,N,0.1,-0.13,-0.8,,,25-12-2014,20-04-2014,Neutral,,,No,0.97,0.33,0.64,27.33,300.48,14.26,W,14.26,0.53,-0.06,-0.03,1,1.34,132,Peak,-3.0,0.12,0.046
1,6,2014,N,0.0,0.0,-2.6,,,25-12-2014,20-04-2014,Neutral,,,No,1.23,0.28,0.38,27.28,300.43,9.45,W,9.45,0.41,0.03,-1.38,3,1.68,132,Peak,-3.0,0.0,0.046
1,7,2014,N,0.0,0.0,-2.32,,,25-12-2014,20-04-2014,Neutral,,,No,1.04,-0.02,0.14,26.98,300.13,4.79,W,4.79,-0.01,0.2,-1.72,5,1.58,132,Peak,-3.0,0.0,0.047
1,8,2014,N,0.0,0.0,-2.61,,,25-12-2014,20-04-2014,Neutral,,,No,0.96,0.23,0.33,27.23,300.38,3.4,W,3.4,-0.15,0.16,-1.4,7,1.13,132,Peak,-3.0,0.0,0.047
1,9,2014,S,-3.0,4.0,-0.7,,,25-12-2014,20-04-2014,Neutral,,,No,0.42,0.44,0.51,27.44,300.59,1.75,W,1.75,-0.11,0.11,-0.57,1,0.74,132,Peak,-3.0,3.6,0.048
1,10,2014,D,0.8,-1.07,-0.02,,,25-12-2014,20-04-2014,Neutral,,,No,0.72,0.46,0.51,27.46,300.61,-1.51,E,-1.51,-0.09,0.03,0.39,3,0.78,132,Peak,-3.0,0.96,0.049
1,11,2014,N,0.46,-0.62,0.49,,,25-12-2014,20-04-2014,ElNino,EP,Weak,No,0.8,0.71,0.76,27.71,300.86,-6.08,E,-6.08,0.07,-0.06,0.19,5,1.2,132,Peak,-3.0,0.56,0.049
1,12,2014,N,0.74,-0.99,-0.14,0.29,,25-12-2014,20-04-2014,ElNino,CP,Weak,No,0.16,0.7,0.78,27.7,300.85,-10.58,E,-10.58,-0.03,-0.19,-0.44,7,1.62,132,Peak,-3.0,0.89,0.05
1,1,2015,S,-2.17,2.9,0.51,,,25-12-2015,05-04-2015,ElNino,CP,Weak,Yes,-0.36,0.54,0.72,27.54,300.69,-11.43,E,-11.43,-0.17,-0.22,-1.09,2,1.47,99,Descending,0.0,2.61,0.051
1,2,2015,N,0.46,-0.62,0.46,,,25-12-2015,05-04-2015,ElNino,CP,Weak,Yes,-0.43,0.56,0.9,27.56,300.71,-11.09,E,-11.09,-0.06,-0.22,-0.91,4,0.99,99,Descending,0.0,0.56,0.051
1,3,2015,N,-0.24,0.32,0.67,,,25-12-2015,05-04-2015,Neutral,,,No,0.11,0.47,0.85,27.47,300.62,-12.68,E,-12.68,0.2,-0.3,-0.25,6,0.71,99,Descending,0.0,0.29,0.052
1,4,2015,N,0.41,-0.54,-0.61,,-0.13,25-12-2015,05-04-2015,ElNino,EP,Weak,No,1.24,0.68,0.98,27.68,300.83,-16.28,E,-16.28,0.69,-0.31,0.39,8,0.87,99,Descending,0.0,0.49,0.052
1,5,2015,S,-3.0,4.0,-1.12,,,25-12-2015,05-04-2015,ElNino,EP,Weak,No,1.98,0.85,0.85,27.85,301.0,-19.69,E,-19.69,0.84,-0.23,0.53,2,1.34,99,Descending,0.0,3.6,0.053
1,6,2015,N,0.0,0.0,-2.63,,,25-12-2015,05-04-2015,ElNino,EP,Moderate,No,2.31,1.03,0.82,28.03,301.18,-18.61,E,-18.61,0.86,-0.27,-0.68,4,1.68,99,Descending,0.0,0.0,0.054
1,7,2015,N,0.0,0.0,-2.86,,,25-12-2015,05-04-2015,ElNino,EP,Moderate,No,2.34,1.34,0.83,28.34,301.49,-10.43,E,-10.43,0.8,-0.23,-0.98,6,1.58,99,Descending,0.0,0.0,0.054
1,8,2015,N,0.0,0.0,-2.3,,,25-12-2015,05-04-2015,ElNino,EP,Strong,No,1.85,1.91,0.83,28.91,302.06,1.22,W,1.22,0.86,-0.21,-0.31,8,1.13,99,Descending,0.0,0.0,0.055
1,9,2015,S,-3.0,4.0,-0.93,,,25-12-2015,05-04-2015,ElNino,EP,Strong,No,2.31,2.12,0.91,29.12,302.27,7.71,W,7.71,0.9,-0.06,0.73,2,0.74,99,Descending,0.0,3.6,0.056
1,10,2015,S,-1.56,2.08,-0.12,,,25-12-2015,05-04-2015,ElNino,EP,Strong,No,2.31,2.33,1.03,29.33,302.48,9.81,W,9.81,1.04,-0.05,1.2,4,0.78,99,Descending,0.0,1.87,0.056
1,11,2015,S,-1.62,2.16,-0.42,,,25-12-2015,05-04-2015,ElNino,EP,Super,No,1.99,2.69,1.51,29.69,302.84,9.84,W,9.84,1.26,-0.12,0.69,6,1.2,99,Descending,0.0,1.94,0.057
1,12,2015,S,-1.03,1.38,-0.74,-0.03,,25-12-2015,05-04-2015,ElNino,EP,Super,No,2.06,2.6,1.4,29.6,302.75,8.1,W,8.1,1.11,-0.14,-0.14,8,1.62,99,Descending,0.0,1.24,0.057
1,1,2016,S,-1.03,1.38,0.81,,,25-12-2016,27-03-2016,ElNino,EP,Strong,No,1.12,2.4,1.09,29.4,302.55,5.64,W,5.64,0.95,-0.03,-1.07,3,1.47,60,Descending,3.0,1.24,0.058
1,2,2016,N,-0.15,0.2,0.13,,,25-12-2016,27-03-2016,ElNino,CP,Strong,No,0.64,2.12,1.12,29.12,302.27,3.98,W,3.98,0.88,-0.06,-0.74,5,0.99,60,Descending,3.0,0.18,0.059
1,3,2016,N,-0.12,0.16,0.46,,0.78,25-12-2016,27-03-2016,ElNino,CP,Strong,No,0.79,1.51,1.12,28.51,301.66,0.83,W,0.83,0.83,0.02,-0.19,7,0.71,60,Descending,3.0,0.14,0.059
1,4,2016,N,0.13,-0.17,-0.4,,,25-12-2016,27-03-2016,ElNino,CP,Weak,No,0.45,0.98,0.71,27.98,301.13,-7.25,E,-7.25,0.87,-0.01,0.16,1,0.87,60,Descending,3.0,0.15,0.06
1,5,2016,S,-1.62,2.16,-0.62,,,25-12-2016,27-03-2016,Neutral,,,No,0.2,0.34,0.56,27.34,300.49,-15.15,E,-15.15,0.54,0.18,-0.27,3,1.34,60,Descending,3.0,1.94,0.06
1,6,2016,N,0.0,0.0,-2.47,,,25-12-2016,27-03-2016,Neutral,,,No,0.24,-0.13,0.37,26.87,300.02,-18.62,E,-18.62,0.17,0.18,-1.61,5,1.68,60,Descending,3.0,0.0,0.061
1,7,2016,N,0.0,0.0,-2.67,,,25-12-2016,27-03-2016,Neutral,,,No,0.28,-0.41,0.22,26.59,299.74,-14.8,E,-14.8,-0.25,0.18,-2.29,7,1.58,60,Descending,3.0,0.0,0.062
1,8,2016,N,0.0,0.0,-2.46,,,25-12-2016,27-03-2016,Neutral,,,No,0.39,-0.42,-0.02,26.58,299.73,-6.76,E,-6.76,-0.54,0.2,-1.59,1,1.13,60,Descending,3.0,0.0,0.062
1,9,2016,N,0.32,-0.42,-1.2,,,25-12-2016,27-03-2016,Neutral,,,No,0.39,-0.45,-0.21,26.55,299.7,-1.08,E,-1.08,-0.64,0.02,-1.38,3,0.74,60,Descending,3.0,0.38,0.063
1,10,2016,S,-1.8,2.4,0.58,,,25-12-2016,27-03-2016,LaNina,CP,Weak,No,0.31,-0.54,-0.37,26.46,299.61,4.76,W,4.76,-0.69,-0.05,-0.38,5,0.78,60,Descending,3.0,2.16,0.064
1,11,2016,N,0.59,-0.79,0.34,,,25-12-2016,27-03-2016,LaNina,CP,Weak,No,-0.11,-0.5,-0.45,26.5,299.65,6.86,W,6.86,-0.66,0.21,-0.48,7,1.2,60,Descending,3.0,0.71,0.064
1,12,2016,N,0.13,-0.17,-0.19,0.36,,25-12-2016,27-03-2016,Neutral,,,No,-0.06,-0.39,-0.19,26.61,299.76,9.65,W,9.65,-0.69,0.22,-0.51,1,1.62,60,Descending,3.0,0.15,0.065
1,1,2017,N,0.13,-0.17,0.66,,,25-12-2017,16-04-2017,Neutral,,,No,1.06,-0.31,-0.17,26.69,299.84,10.48,W,10.48,-0.68,0.17,-0.81,4,1.47,27,Minimum,-3.0,0.15,0.065
1,2,2017,N,0.22,-0.29,0.67,,,25-12-2017,16-04-2017,Neutral,,,No,1.5,0.06,-0.14,27.06,300.21,10.48,W,10.48,-0.36,0.15,-0.35,6,0.99,27,Minimum,-3.0,0.26,0.066
1,3,2017,N,-0.52,0.69,0.09,,,25-12-2017,16-04-2017,Neutral,,,No,1.77,0.14,-0.19,27.14,300.29,11.12,W,11.12,0.0,0.03,-0.12,8,0.71,27,Minimum,-3.0,0.62,0.067
1,4,2017,N,-0.3,0.4,-0.34,,-0.67,25-12-2017,16-04-2017,Neutral,,,No,1.21,0.22,-0.08,27.22,300.37,13.19,W,13.19,0.42,0.09,0.61,2,0.87,27,Minimum,-3.0,0.36,0.067
1,5,2017,N,-0.33,0.44,-0.57,,,25-12-2017,16-04-2017,Neutral,,,No,0.53,0.41,0.13,27.41,300.56,14.51,W,14.51,0.58,0.04,0.3,4,1.34,27,Minimum,-3.0,0.4,0.068
1,6,2017,N,0.0,0.0,-2.9,,,25-12-2017,16-04-2017,Neutral,,,No,0.0,0.39,0.3,27.39,300.54,13.52,W,13.52,0.48,0.03,-0.74,6,1.68,27,Minimum,-3.0,0.0,0.068
1,7,2017,N,0.0,0.0,-2.71,,,25-12-2017,16-04-2017,Neutral,,,No,-0.11,0.32,0.25,27.32,300.47,10.99,W,10.99,0.19,0.01,-1.12,8,1.58,27,Minimum,-3.0,0.0,0.069
1,8,2017,N,0.0,0.0,-2.5,,,25-12-2017,16-04-2017,Neutral,,,No,-0.25,-0.09,0.08,26.91,300.06,8.94,W,8.94,-0.34,-0.0,-0.47,2,1.13,27,Minimum,-3.0,0.0,0.07
1,9,2017,S,-1.09,1.46,-0.67,,,25-12-2017,16-04-2017,Neutral,,,No,-0.63,-0.36,-0.09,26.64,299.79,7.77,W,7.77,-0.59,0.09,-0.25,4,0.74,27,Minimum,-3.0,1.31,0.07
1,10,2017,N,0.16,-0.21,-0.65,,,25-12-2017,16-04-2017,Neutral,,,No,-0.96,-0.48,-0.24,26.52,299.67,5.74,W,5.74,-0.65,0.16,-0.11,6,0.78,27,Minimum,-3.0,0.19,0.071
1,11,2017,N,0.1,-0.13,-0.34,,,25-12-2017,16-04-2017,LaNina,EP,Weak,No,-1.02,-0.86,-0.33,26.14,299.29,3.74,W,3.74,-0.87,0.29,-0.2,8,1.2,27,Minimum,-3.0,0.12,0.072
1,12,2017,D,0.96,-1.28,-0.4,0.05,,25-12-2017,16-04-2017,LaNina,EP,Weak,No,-1.11,-0.9,-0.39,26.1,299.25,2.55,W,2.55,-0.99,0.29,-0.88,2,1.62,27,Minimum,-3.0,1.15,0.072
1,1,2018,N,0.32,-0.42,0.79,,,25-12-2018,01-04-2018,LaNina,EP,Weak,No,-0.78,-0.71,-0.26,26.29,299.44,1.71,W,1.71,-0.92,0.18,-1.06,5,1.47,10,Minimum,0.0,0.38,0.073
1,2,2018,N,-0.33,0.44,1.68,,,25-12-2018,01-04-2018,LaNina,EP,Weak,No,-0.43,-0.7,-0.23,26.3,299.45,2.2,W,2.2,-0.81,0.03,-0.51,7,0.99,10,Minimum,0.0,0.4,0.073
1,3,2018,N,-0.61,0.81,0.98,,,25-12-2018,01-04-2018,LaNina,EP,Weak,No,-0.91,-0.76,-0.19,26.24,299.39,1.89,W,1.89,-0.54,-0.04,-0.4,1,0.71,10,Minimum,0.0,0.73,0.074
1,4,2018,N,-0.08,0.11,-0.07,,-0.01,25-12-2018,01-04-2018,LaNina,EP,Weak,No,-0.86,-0.56,-0.07,26.44,299.59,-2.81,E,-2.81,-0.05,-0.15,0.26,3,0.87,10,Minimum,0.0,0.1,0.075
1,5,2018,S,-2.14,2.85,-0.32,,,25-12-2018,01-04-2018,Neutral,,,No,-0.46,-0.21,0.08,26.79,299.94,-10.46,E,-10.46,0.21,-0.26,-0.1,5,1.34,10,Minimum,0.0,2.56,0.075
1,6,2018,N,0.0,0.0,-2.6,,,25-12-2018,01-04-2018,Neutral,,,No,-0.66,0.11,0.09,27.11,300.26,-15.66,E,-15.66,0.31,-0.4,-1.28,7,1.68,10,Minimum,0.0,0.0,0.076
1,7,2018,N,0.0,0.0,-2.35,,,25-12-2018,01-04-2018,Neutral,,,No,-0.11,0.23,0.12,27.23,300.38,-19.89,E,-19.89,0.14,-0.39,-1.38,1,1.58,10,Minimum,0.0,0.0,0.076
1,8,2018,N,0.0,0.0,-2.52,,,25-12-2018,01-04-2018,Neutral,,,No,0.11,0.2,0.31,27.2,300.35,-20.87,E,-20.87,-0.17,-0.24,-0.91,3,1.13,10,Minimum,0.0,0.0,0.077
1,9,2018,S,-1.87,2.49,-1.25,,,25-12-2018,01-04-2018,Neutral,,,No,0.07,0.28,0.39,27.28,300.43,-21.53,E,-21.53,-0.21,-0.08,0.17,5,0.74,10,Minimum,0.0,2.24,0.078
1,10,2018,S,-3.0,4.0,-0.67,,,25-12-2018,01-04-2018,ElNino,CP,Weak,No,0.49,0.73,0.78,27.73,300.88,-21.86,E,-21.86,0.08,-0.11,0.2,7,0.78,10,Minimum,0.0,3.6,0.078
1,11,2018,S,-1.16,1.55,0.42,,,25-12-2018,01-04-2018,ElNino,CP,Weak,No,0.66,0.76,0.71,27.76,300.91,-19.61,E,-19.61,0.1,-0.17,0.24,1,1.2,10,Minimum,0.0,1.4,0.079
1,12,2018,N,0.74,-0.99,0.22,0.62,,25-12-2018,01-04-2018,ElNino,CP,Weak,No,0.69,0.79,0.87,27.79,300.94,-12.99,E,-12.99,0.02,-0.15,-0.29,3,1.62,10,Minimum,0.0,0.89,0.08
1,1,2019,N,-0.08,0.11,0.73,,,25-12-2019,21-04-2019,ElNino,CP,Weak,No,0.46,0.6,0.74,27.6,300.75,-8.97,E,-8.97,-0.13,0.04,-0.68,6,1.47,16,Minimum,-3.0,0.1,0.08
1,2,2019,N,-0.05,0.07,0.37,,,25-12-2019,21-04-2019,ElNino,CP,Weak,No,0.6,0.63,0.83,27.63,300.78,-2.38,E,-2.38,-0.01,0.07,-0.94,8,0.99,16,Minimum,-3.0,0.06,0.081
1,3,2019,S,-1.31,1.75,-0.26,,,25-12-2019,21-04-2019,ElNino,CP,Weak,No,0.17,0.88,0.77,27.88,301.03,4.06,W,4.06,0.45,0.01,-0.45,2,0.71,16,Minimum,-3.0,1.57,0.081
1,4,2019,S,-0.92,1.22,0.46,,-0.52,25-12-2019,21-04-2019,ElNino,CP,Weak,No,0.44,0.64,0.51,27.64,300.79,8.33,W,8.33,0.67,-0.05,0.17,4,0.87,16,Minimum,-3.0,1.1,0.082
1,5,2019,S,-1.16,1.55,-0.89,,,25-12-2019,21-04-2019,ElNino,CP,Weak,No,0.22,0.68,0.62,27.68,300.83,11.36,W,11.36,0.74,-0.05,0.5,6,1.34,16,Minimum,-3.0,1.4,0.083
1,6,2019,N,0.0,0.0,-2.45,,,25-12-2019,21-04-2019,ElNino,CP,Weak,No,0.07,0.51,0.56,27.51,300.66,11.02,W,11.02,0.55,0.02,-0.18,8,1.68,16,Minimum,-3.0,0.0,0.083
1,7,2019,N,0.0,0.0,-2.81,,,25-12-2019,21-04-2019,Neutral,,,No,-0.31,0.32,0.61,27.32,300.47,8.4,W,8.4,0.19,0.18,-0.57,2,1.58,16,Minimum,-3.0,0.0,0.084
1,8,2019,N,0.0,0.0,-2.61,,,25-12-2019,21-04-2019,Neutral,,,No,-0.61,-0.01,0.46,26.99,300.14,6.1,W,6.1,-0.3,0.24,0.31,4,1.13,16,Minimum,-3.0,0.0,0.084
1,9,2019,N,-0.08,0.11,-0.99,,,25-12-2019,21-04-2019,Neutral,,,No,-0.75,-0.13,0.44,26.87,300.02,3.4,W,3.4,-0.45,0.16,1.01,6,0.74,16,Minimum,-3.0,0.1,0.085
1,10,2019,N,-0.02,0.03,-0.92,,,25-12-2019,21-04-2019,Neutral,,,No,-0.48,0.44,0.74,27.44,300.59,3.16,W,3.16,-0.1,0.14,2.11,8,0.78,16,Minimum,-3.0,0.03,0.086
1,11,2019,N,-0.15,0.2,0.3,,,25-12-2019,21-04-2019,Neutral,,,No,-0.15,0.42,0.59,27.42,300.57,2.85,W,2.85,-0.1,0.17,1.58,2,1.2,16,Minimum,-3.0,0.18,0.086
1,12,2019,N,0.16,-0.21,-0.55,-0.03,,25-12-2019,21-04-2019,Neutral,,,No,0.33,0.4,0.75,27.4,300.55,2.93,W,2.93,-0.21,0.16,0.34,4,1.62,16,Minimum,-3.0,0.19,0.087
1,1,2020,N,0.38,-0.5,-0.15,,,25-12-2020,12-04-2020,ElNino,CP,Weak,Yes,0.21,0.51,0.85,27.51,300.66,0.41,W,0.41,-0.19,0.14,-0.55,7,1.47,42,Descending,0.0,0.45,0.088
1,2,2020,N,0.71,-0.95,-0.4,,,25-12-2020,12-04-2020,Neutral,,,No,0.01,0.37,0.87,27.37,300.52,-2.91,E,-2.91,-0.17,0.18,-0.64,1,0.99,42,Descending,0.0,0.85,0.088
1,3,2020,S,-0.83,1.1,0.09,,,25-12-2020,12-04-2020,Neutral,,,No,0.36,0.4,0.68,27.4,300.55,-6.17,E,-6.17,0.16,0.19,-0.32,3,0.71,42,Descending,0.0,0.99,0.089
1,4,2020,N,0.49,-0.66,-0.55,,-0.12,25-12-2020,12-04-2020,Neutral,,,No,0.27,0.31,0.34,27.31,300.46,-11.78,E,-11.78,0.47,0.24,0.14,5,0.87,42,Descending,0.0,0.59,0.089
1,5,2020,N,-0.27,0.36,-1.14,,,25-12-2020,12-04-2020,Neutral,,,No,-0.06,-0.34,-0.06,26.66,299.81,-16.06,E,-16.06,0.13,0.06,0.37,7,1.34,42,Descending,0.0,0.32,0.09
1,6,2020,N,0.0,0.0,-2.19,,,25-12-2020,12-04-2020,Neutral,,,No,-0.85,-0.49,-0.06,26.51,299.66,-18.03,E,-18.03,-0.05,0.11,-0.2,1,1.68,42,Descending,0.0,0.0,0.091
1,7,2020,N,0.0,0.0,-2.6,,,25-12-2020,12-04-2020,Neutral,,,No,-1.16,-0.3,-0.1,26.7,299.85,-14.9,E,-14.9,-0.18,0.16,-0.88,3,1.58,42,Descending,0.0,0.0,0.091
1,8,2020,N,0.0,0.0,-2.57,,,25-12-2020,12-04-2020,LaNina,EP,Weak,No,-1.09,-0.64,-0.46,26.36,299.51,-4.62,E,-4.62,-0.67,0.27,-1.33,5,1.13,42,Descending,0.0,0.0,0.092
1,9,2020,N,0.55,-0.74,-1.09,,,25-12-2020,12-04-2020,LaNina,EP,Weak,No,-0.87,-0.92,-0.64,26.08,299.23,4.06,W,4.06,-0.93,0.18,-0.77,7,0.74,42,Descending,0.0,0.67,0.092
1,10,2020,N,-0.21,0.28,-0.58,,,25-12-2020,12-04-2020,LaNina,CP,Moderate,No,-0.77,-1.36,-0.94,25.64,298.79,9.29,W,9.29,-1.18,0.19,-0.03,1,0.78,42,Descending,0.0,0.25,0.093
1,11,2020,N,0.07,-0.09,-0.08,,,25-12-2020,12-04-2020,LaNina,CP,Moderate,No,-0.72,-1.43,-0.96,25.57,298.72,10.66,W,10.66,-1.21,0.1,-0.28,3,1.2,42,Descending,0.0,0.08,0.094
1,12,2020,N,0.71,-0.95,0.71,1.01,,25-12-2020,12-04-2020,LaNina,CP,Moderate,No,-0.71,-1.13,-1.04,25.87,299.02,9.69,W,9.69,-1.13,0.16,-0.35,5,1.62,42,Descending,0.0,0.85,0.094
1,1,2021,D,1.05,-1.4,0.99,,,25-12-2021,04-04-2021,LaNina,CP,Weak,No,-0.46,-0.97,-1.24,26.03,299.18,8.14,W,8.14,-1.08,0.23,-0.87,8,1.47,80,Ascending,0.0,1.26,0.095
1,2,2021,N,0.07,-0.09,1.28,,,25-12-2021,04-04-2021,LaNina,CP,Weak,No,-0.5,-0.78,-0.96,26.22,299.37,7.68,W,7.68,-0.86,0.21,-0.66,2,0.99,80,Ascending,0.0,0.08,0.096
1,3,2021,N,-0.52,0.69,0.29,,,25-12-2021,04-04-2021,LaNina,CP,Weak,No,-0.14,-0.55,-0.54,26.45,299.6,9.08,W,9.08,-0.41,0.13,-0.11,4,0.71,80,Ascending,0.0,0.62,0.096
1,4,2021,S,-1.16,1.55,-0.29,,-0.16,25-12-2021,04-04-2021,LaNina,EP,Weak,No,-0.89,-0.59,-0.28,26.41,299.56,10.53,W,10.53,-0.07,0.17,0.57,6,0.87,80,Ascending,0.0,1.4,0.097
1,5,2021,N,0.59,-0.79,-1.28,,,25-12-2021,04-04-2021,Neutral,,,No,-0.66,-0.36,-0.16,26.64,299.79,12.37,W,12.37,0.12,0.16,-0.28,8,1.34,80,Ascending,0.0,0.71,0.097
1,6,2021,N,0.0,0.0,-2.41,,,25-12-2021,04-04-2021,Neutral,,,No,0.13,-0.15,-0.16,26.85,300.0,11.69,W,11.69,0.15,0.07,-1.35,2,1.68,80,Ascending,0.0,0.0,0.098
1,7,2021,N,0.0,0.0,-2.56,,,25-12-2021,04-04-2021,Neutral,,,No,0.47,-0.27,-0.25,26.73,299.88,9.32,W,9.32,-0.16,0.09,-1.78,4,1.58,80,Ascending,0.0,0.0,0.099
1,8,2021,N,0.0,0.0,-2.44,,,25-12-2021,04-04-2021,Neutral,,,No,0.33,-0.38,-0.21,26.62,299.77,8.63,W,8.63,-0.52,0.23,-1.47,6,1.13,80,Ascending,0.0,0.0,0.099
1,9,2021,N,0.65,-0.87,-0.86,,,25-12-2021,04-04-2021,Neutral,,,No,0.1,-0.42,-0.54,26.58,299.73,7.12,W,7.12,-0.63,0.41,-0.88,8,0.74,80,Ascending,0.0,0.78,0.1
1,10,2021,D,1.05,-1.4,-0.47,,,25-12-2021,04-04-2021,LaNina,CP,Weak,No,-0.58,-0.96,-0.78,26.04,299.19,5.55,W,5.55,-0.94,0.35,-0.64,2,0.78,80,Ascending,0.0,1.26,0.101
1,11,2021,N,0.46,-0.62,-0.3,,,25-12-2021,04-04-2021,LaNina,EP,Weak,No,-0.97,-0.98,-0.82,26.02,299.17,-0.09,E,-0.09,-0.94,0.42,-0.46,4,1.2,80,Ascending,0.0,0.56,0.101
1,12,2021,D,0.86,-1.15,0.09,0.48,,25-12-2021,04-04-2021,LaNina,EP,Weak,No,-1.34,-0.99,-0.8,26.01,299.16,-3.25,E,-3.25,-1.05,0.29,-0.59,6,1.62,80,Ascending,0.0,1.03,0.102
1,1,2022,N,0.62,-0.83,0.13,,,25-12-2022,17-04-2022,LaNina,EP,Weak,No,-1.09,-0.84,-0.37,26.16,299.31,-4.33,E,-4.33,-1.0,0.3,-1.02,1,1.47,117,Ascending,-3.0,0.75,0.102
1,2,2022,N,-0.08,0.11,-0.06,,,25-12-2022,17-04-2022,LaNina,EP,Weak,No,-1.42,-0.75,-0.35,26.25,299.4,-4.71,E,-4.71,-0.84,0.27,-0.99,3,0.99,117,Ascending,-3.0,0.1,0.103
1,3,2022,N,0.19,-0.25,0.64,,,25-12-2022,17-04-2022,LaNina,CP,Moderate,No,-0.2,-1.03,-0.86,25.97,299.12,-6.48,E,-6.48,-0.7,0.1,-0.26,5,0.71,117,Ascending,-3.0,0.23,0.104
1,4,2022,D,1.08,-1.44,-0.24,,-0.8,25-12-2022,17-04-2022,LaNina,EP,Moderate,No,-1.26,-1.12,-0.95,25.88,299.03,-10.73,E,-10.73,-0.39,0.01,0.27,7,0.87,117,Ascending,-3.0,1.3,0.104
1,5,2022,S,-3.0,4.0,-0.94,,,25-12-2022,17-04-2022,LaNina,EP,Moderate,No,-1.69,-1.11,-0.93,25.89,299.04,-16.03,E,-16.03,-0.33,0.17,-0.13,1,1.34,117,Ascending,-3.0,3.6,0.105
1,6,2022,N,0.0,0.0,-2.55,,,25-12-2022,17-04-2022,LaNina,EP,Weak,No,-1.46,-0.75,-0.76,26.25,299.4,-19.71,E,-19.71,-0.21,0.05,-1.15,3,1.68,117,Ascending,-3.0,0.0,0.105
1,7,2022,N,0.0,0.0,-2.56,,,25-12-2022,17-04-2022,LaNina,CP,Weak,No,-0.91,-0.69,-1.08,26.31,299.46,-21.56,E,-21.56,-0.42,-0.05,-2.17,5,1.58,117,Ascending,-3.0,0.0,0.106
1,8,2022,N,0.0,0.0,-2.05,,,25-12-2022,17-04-2022,LaNina,CP,Weak,No,-0.47,-0.9,-1.1,26.1,299.25,-12.89,E,-12.89,-0.83,0.27,-1.91,7,1.13,117,Ascending,-3.0,0.0,0.107
1,9,2022,D,0.99,-1.32,-0.97,,,25-12-2022,17-04-2022,LaNina,CP,Weak,No,-1.07,-0.95,-1.1,26.05,299.2,0.75,W,0.75,-0.94,0.51,-1.34,1,0.74,117,Ascending,-3.0,1.19,0.107
1,10,2022,N,0.43,-0.58,-0.9,,,25-12-2022,17-04-2022,LaNina,EP,Weak,No,-1.7,-0.92,-1.17,26.08,299.23,8.49,W,8.49,-0.91,0.44,-0.95,3,0.78,117,Ascending,-3.0,0.52,0.108
1,11,2022,N,-0.46,0.61,0.24,,,25-12-2022,17-04-2022,LaNina,EP,Moderate,No,-1.45,-1.04,-1.02,25.96,299.11,11.23,W,11.23,-0.98,0.35,-0.22,5,1.2,117,Ascending,-3.0,0.55,0.109
1,12,2022,N,0.38,-0.5,0.41,0.81,,25-12-2022,17-04-2022,LaNina,CP,Weak,No,-0.53,-0.88,-0.84,26.12,299.27,11.16,W,11.16,-0.98,0.21,-0.22,7,1.62,117,Ascending,-3.0,0.45,0.109
1,1,2023,N,0.62,-0.83,0.77,,,25-12-2023,09-04-2023,LaNina,CP,Weak,No,-0.14,-0.68,-0.74,26.32,299.47,10.91,W,10.91,-0.9,0.22,-0.51,2,1.47,143,Peak,0.0,0.75,0.11
1,2,2023,N,0.43,-0.58,0.36,,,25-12-2023,09-04-2023,Neutral,,,No,0.86,-0.45,-0.57,26.55,299.7,10.24,W,10.24,-0.66,0.18,-0.36,4,0.99,143,Peak,0.0,0.52,0.11
1,3,2023,N,0.16,-0.21,-0.23,,,25-12-2023,09-04-2023,Neutral,,,No,1.15,-0.0,-0.21,27.0,300.15,11.0,W,11.0,-0.08,0.29,0.27,6,0.71,143,Peak,0.0,0.19,0.111
1,4,2023,N,-0.46,0.61,0.18,,-0.11,25-12-2023,09-04-2023,Neutral,,,No,2.62,0.12,0.15,27.12,300.27,13.54,W,13.54,0.36,0.33,0.54,8,0.87,143,Peak,0.0,0.55,0.112
1,5,2023,S,-1.96,2.61,-0.63,,,25-12-2023,09-04-2023,Neutral,,,No,2.36,0.49,0.27,27.49,300.64,14.82,W,14.82,0.63,0.41,-0.02,2,1.34,143,Peak,0.0,2.35,0.112
1,6,2023,N,0.0,0.0,-2.29,,,25-12-2023,09-04-2023,ElNino,EP,Weak,No,2.87,0.88,0.56,27.88,301.03,13.85,W,13.85,0.77,0.69,-0.66,4,1.68,143,Peak,0.0,0.0,0.113
1,7,2023,N,0.0,0.0,-2.9,,,25-12-2023,09-04-2023,ElNino,EP,Moderate,No,3.46,1.04,0.6,28.04,301.19,10.68,W,10.68,0.62,0.85,-1.1,6,1.58,143,Peak,0.0,0.0,0.113
1,8,2023,N,0.0,0.0,-2.42,,,25-12-2023,09-04-2023,ElNino,EP,Moderate,No,3.67,1.38,0.9,28.38,301.53,9.05,W,9.05,0.54,0.79,-0.04,8,1.13,143,Peak,0.0,0.0,0.114
1,9,2023,S,-1.01,1.34,-1.05,,,25-12-2023,09-04-2023,ElNino,EP,Strong,No,3.16,1.63,1.08,28.63,301.78,7.29,W,7.29,0.6,0.74,1.03,2,0.74,143,Peak,0.0,1.21,0.115
1,10,2023,N,-0.27,0.36,-1.02,,,25-12-2023,09-04-2023,ElNino,EP,Strong,No,2.73,1.63,1.24,28.63,301.78,5.35,W,5.35,0.62,0.7,1.8,4,0.78,143,Peak,0.0,0.32,0.115
1,11,2023,N,-0.46,0.61,-0.53,,,25-12-2023,09-04-2023,ElNino,EP,Strong,No,2.25,1.83,1.33,28.83,301.98,-3.35,E,-3.35,0.74,0.51,1.48,6,1.2,143,Peak,0.0,0.55,0.116
1,12,2023,N,0.46,-0.62,0.08,0.52,,25-12-2023,09-04-2023,ElNino,CP,Strong,No,1.34,2.0,1.41,29.0,302.15,-11.53,E,-11.53,0.75,0.53,0.68,8,1.62,143,Peak,0.0,0.56,0.117
1,1,2024,N,0.29,-0.38,0.65,,,25-12-2024,31-03-2024,ElNino,CP,Strong,No,1.01,1.83,1.44,28.83,301.98,-13.88,E,-13.88,0.6,0.57,-0.09,3,1.47,149,Peak,3.0,0.34,0.117
1,2,2024,N,0.38,-0.5,0.71,,,25-12-2024,31-03-2024,ElNino,CP,Strong,No,1.13,1.61,1.25,28.61,301.76,-13.76,E,-13.76,0.57,0.59,-0.58,5,0.99,149,Peak,3.0,0.45,0.118
1,3,2024,N,0.43,-0.58,0.43,,0.79,25-12-2024,31-03-2024,ElNino,CP,Moderate,No,0.5,1.32,0.95,28.32,301.47,-14.81,E,-14.81,0.71,0.57,0.22,7,0.71,149,Peak,3.0,0.52,0.118
1,4,2024,N,-0.02,0.03,-0.58,,,25-12-2024,31-03-2024,ElNino,CP,Weak,No,0.04,0.89,0.83,27.89,301.04,-17.49,E,-17.49,0.82,0.49,0.47,1,0.87,149,Peak,3.0,0.03,0.119
1,5,2024,S,-0.98,1.3,-0.19,,,25-12-2024,31-03-2024,Neutral,,,No,-0.5,0.26,0.7,27.26,300.41,-17.51,E,-17.51,0.49,0.64,0.29,3,1.34,149,Peak,3.0,1.17,0.12
1,6,2024,N,0.0,0.0,-2.66,,,25-12-2024,31-03-2024,Neutral,,,No,-0.6,0.25,0.67,27.25,300.4,-16.7,E,-16.7,0.39,0.68,-0.85,5,1.68,149,Peak,3.0,0.0,0.12
1,7,2024,N,0.0,0.0,-2.5,,,25-12-2024,31-03-2024,Neutral,,,No,-0.34,0.08,0.44,27.08,300.23,-6.68,E,-6.68,0.05,0.63,-1.51,7,1.58,149,Peak,3.0,0.0,0.121
1,8,2024,N,0.0,0.0,-2.59,,,25-12-2024,31-03-2024,Neutral,,,No,-0.13,0.02,0.51,27.02,300.17,3.18,W,3.18,-0.28,0.55,-0.67,1,1.13,149,Peak,3.0,0.0,0.121
1,9,2024,N,0.38,-0.5,-0.79,,,25-12-2024,31-03-2024,Neutral,,,No,-0.46,-0.33,0.07,26.67,299.82,8.53,W,8.53,-0.57,0.5,-0.34,3,0.74,149,Peak,3.0,0.45,0.122
1,10,2024,N,-0.15,0.2,-0.66,,,25-12-2024,31-03-2024,LaNina,EP,Weak,No,-0.37,-0.51,-0.04,26.49,299.64,11.36,W,11.36,-0.67,0.57,-0.56,5,0.78,149,Peak,3.0,0.18,0.123
1,11,2024,N,0.16,-0.21,-0.69,,,25-12-2024,31-03-2024,Neutral,,,No,0.1,-0.27,0.05,26.73,299.88,12.81,W,12.81,-0.52,0.44,-0.44,7,1.2,149,Peak,3.0,0.19,0.123
1,12,2024,N,0.43,-0.58,-0.25,0.23,,25-12-2024,31-03-2024,LaNina,CP,Weak,No,0.0,-0.71,-0.51,26.29,299.44,12.34,W,12.34,-0.88,0.44,-0.66,1,1.62,149,Peak,3.0,0.52,0.124
1,1,2025,N,0.62,-0.83,0.15,,,25-12-2025,20-04-2025,LaNina,CP,Weak,No,-0.12,-0.78,-0.69,26.22,299.37,12.01,W,12.01,-0.96,0.42,-1.0,4,1.47,132,Peak,-3.0,0.75,0.125
1,2,2025,S,-0.79,1.05,0.93,,,25-12-2025,20-04-2025,Neutral,,,No,0.59,-0.41,-0.66,26.59,299.74,11.97,W,11.97,-0.64,0.27,-0.38,6,0.99,132,Peak,-3.0,0.95,0.125
1,3,2025,N,0.35,-0.46,0.05,,,25-12-2025,20-04-2025,Neutral,,,No,1.17,0.08,-0.49,27.08,300.23,12.29,W,12.29,-0.03,0.22,0.2,8,0.71,132,Peak,-3.0,0.41,0.126
1,4,2025,S,-1.9,2.53,-0.39,,-0.74,25-12-2025,20-04-2025,Neutral,,,No,0.72,-0.14,-0.22,26.86,300.01,13.1,W,13.1,0.2,0.17,0.64,2,0.87,132,Peak,-3.0,2.28,0.126
1,5,2025,S,-1.01,1.34,-1.0,,,25-12-2025,20-04-2025,Neutral,,,No,0.38,-0.05,-0.06,26.95,300.1,12.22,W,12.22,0.3,0.25,0.2,4,1.34,132,Peak,-3.0,1.21,0.127
1,6,2025,N,0.0,0.0,-2.94,,,25-12-2025,20-04-2025,Neutral,,,No,0.42,-0.07,0.0,26.93,300.08,4.09,W,4.09,0.2,0.27,-1.1,6,1.68,132,Peak,-3.0,0.0,0.128
1,7,2025,N,0.0,0.0,-2.56,,,25-12-2025,20-04-2025,Neutral,,,No,0.36,-0.19,-0.1,26.81,299.96,-1.91,E,-1.91,-0.12,0.31,-1.51,8,1.58,132,Peak,-3.0,0.0,0.128
1,8,2025,N,0.0,0.0,-2.72,,,25-12-2025,20-04-2025,Neutral,,,No,0.32,-0.33,-0.12,26.67,299.82,-5.28,E,-5.28,-0.49,0.17,-1.77,2,1.13,132,Peak,-3.0,0.0,0.129
1,9,2025,N,0.04,-0.05,-0.85,,,25-12-2025,20-04-2025,Neutral,,,No,-0.2,-0.46,-0.36,26.54,299.69,-6.14,E,-6.14,-0.65,0.13,-1.27,4,0.74,132,Peak,-3.0,0.05,0.129
1,10,2025,D,0.99,-1.32,-0.56,,,25-12-2025,20-04-2025,LaNina,CP,Weak,No,-0.07,-0.57,-0.4,26.43,299.58,-9.01,E,-9.01,-0.7,0.27,-1.36,6,0.78,132,Peak,-3.0,1.19,0.13
1,11,2025,D,1.2,-1.6,-0.45,,,25-12-2025,20-04-2025,LaNina,CP,Weak,No,-0.41,-0.71,-0.58,26.29,299.44,-11.59,E,-11.59,-0.78,0.38,-0.81,8,1.2,132,Peak,-3.0,1.44,0.131
1,12,2025,D,0.93,-1.24,0.01,0.41,,25-12-2025,20-04-2025,LaNina,EP,Weak,No,-0.53,-0.65,-0.32,26.35,299.5,-11.3,E,-11.3,-0.84,0.24,-0.57,2,1.62,132,Peak,-3.0,1.12,0.131
1,1,2026,D,0.8,-1.07,1.45,,,25-12-2026,05-04-2026,LaNina,EP,Weak,No,-0.09,-0.53,-0.05,26.47,299.62,-10.88,E,-10.88,-0.81,0.25,-0.58,5,1.47,99,Descending,0.0,0.96,0.132
1,2,2026,N,0.41,-0.54,1.02,,,25-12-2026,05-04-2026,Neutral,,,No,0.84,-0.25,0.17,26.75,299.9,-10.4,E,-10.4,-0.54,0.17,-0.1,7,0.99,99,Descending,0.0,0.49,0.133
1,3,2026,S,-1.5,2.0,0.18,,,25-12-2026,05-04-2026,Neutral,,,No,1.13,0.03,0.32,27.03,300.18,-9.76,E,-9.76,-0.06,0.15,0.03,1,0.71,99,Descending,0.0,1.8,0.133
1,4,2026,N,-0.27,0.36,-0.34,,-0.18,25-12-2026,05-04-2026,Neutral,,,No,1.47,0.45,0.77,27.45,300.6,-10.96,E,-10.96,0.56,0.05,0.35,3,0.87,99,Descending,0.0,0.32,0.134
1,5,2026,N,0.19,-0.25,-1.32,,,25-12-2026,05-04-2026,ElNino,EP,Weak,No,1.93,0.99,1.03,27.99,301.14,-16.59,E,-16.59,0.93,0.11,-0.31,5,1.34,99,Descending,0.0,0.23,0.134
1,6,2026,N,0.0,0.0,-2.67,,,25-12-2026,05-04-2026,ElNino,EP,Moderate,No,3.02,1.47,1.14,28.47,301.62,-16.96,E,-16.96,1.13,0.11,-1.19,7,1.68,99,Descending,0.0,0.0,0.135
1,7,2026,N,0.0,0.0,-2.69,,,25-12-2026,05-04-2026,ElNino,EP,Strong,No,3.74,2.04,0.97,29.04,302.19,-8.77,E,-8.77,1.22,0.35,-1.01,1,1.58,99,Descending,0.0,0.0,0.136
1,8,2026,N,0.0,0.0,-2.65,,,25-12-2026,05-04-2026,ElNino,EP,Super,No,4.3,2.66,0.99,29.66,302.81,4.04,W,4.04,1.31,0.56,-0.55,3,1.13,99,Descending,0.0,0.0,0.136
1,9,2026,N,0.32,-0.4,-1.2,,,25-12-2026,28-03-2027,ElNino,EP,Super,No,7.43,3.49,0.58,30.49,303.64,18.5,W,18.5,-1.11,-0.85,0.45,5,1.2,99,Descending,3.0,0.1,0.137
